일자,개인,외국인,기관,금융투자,보험,투신,기타금융,은행,연기금등,사모펀드,기타법인
2024-03-13,-6259,13644,-7695,-409,-1850,59,0,0,-4891,-604,3
2024-03-12,9641,-16475,7093,10743,-22,-178,0,0,-3791,341,-273
2024-03-11,25272,-18772,-5986,-3133,135,-1082,0,0,3682,-5588,0
2024-03-08,-29977,18899,12228,19626,68,-3502,0,0,-3769,-195,-2150
2024-03-07,39569,-17954,-21732,-277,-2597,-4,1,0,-18579,-276,100
2024-03-06,113536,-59262,-48840,-12345,60,-756,0,0,-35653,-146,-4995
2024-03-05,4506,4517,-9524,-8859,-144,-154,0,0,60,-427,500
2024-03-04,35528,-37059,526,-2316,61,-460,0,0,3014,227,-119
2024-02-29,-44146,31975,11800,-9287,9,-332,0,0,21588,-178,166
2024-02-28,-30807,11976,20852,1044,-128,-161,0,0,20353,-256,-2022
2024-02-27,-1267,-16175,16943,-3187,5,20423,0,0,0,-298,493
2024-02-26,6410,-23847,19204,-630,-35,-246,0,0,20721,-606,-1748
2024-02-23,-85376,55437,29640,6896,-110,55,0,0,22370,429,426
2024-02-22,28720,-37071,13994,7,575,-5097,0,0,18821,-312,-5323
2024-02-21,-77913,16588,66671,8717,2637,-1697,0,0,57095,-81,-4363
2024-02-20,-104481,49672,43530,-6389,9,153,1,0,49975,-219,12424
2024-02-19,-66770,28527,36141,11383,883,105,0,-259,23811,218,2001
2024-02-16,-113063,64687,47482,5896,-28,-146,0,0,41826,-66,-301
2024-02-15,-13194,-3670,17515,1082,-3526,-90,-1,0,19847,203,-647
2024-02-14,-12445,3817,7825,-15027,-117,-720,0,0,21929,1760,1953
2024-02-13,-36168,-9993,46050,30254,-8024,-761,0,0,23095,1486,1706
2024-02-08,-114418,51051,62252,8136,-375,2659,0,0,50830,1002,928
2024-02-07,-73005,-5208,77750,18131,2012,-881,0,0,58060,428,496
2024-02-06,-64808,23280,40814,-1842,-601,-1359,0,0,44608,8,623
2024-02-05,-21164,23188,-2025,-28786,2022,3776,-175,0,23266,-2128,-78
2024-02-02,-65850,12037,53954,24303,-93,1498,1,0,28279,-34,-11
2024-02-01,-35825,12236,24031,-6270,-10,557,0,0,29417,337,-480
2024-01-31,197515,-197067,-2281,-9803,-509,-213,0,0,9896,-1652,154
2024-01-30,-14996,14067,1041,9507,320,1963,0,0,-10724,-25,-211
2024-01-29,-106697,102582,2791,13797,-9,-17550,0,0,13335,-6782,1851
2024-01-26,6360,8519,-10580,-2024,-1800,-6341,0,0,-1305,890,15
2024-01-25,4375,-7585,3079,3501,-3,72,0,0,-611,120,140
2024-01-24,7188,-3418,-3793,-2186,0,115,0,0,-1867,145,17
2024-01-23,-55786,31999,24116,2243,76,21600,0,0,197,0,-413
2024-01-22,5235,-7461,809,502,-68,47,0,0,252,76,1501
2024-01-19,6268,-8194,1530,840,-14,510,0,0,195,-1,676
2024-01-18,17172,-23336,5422,-3053,-4,-163,1,0,-8717,17358,536
2024-01-17,27280,-22729,-6715,-7015,133,91,0,0,-55,131,1540
2024-01-16,36286,-26340,-11008,-11169,0,29,0,0,0,132,1065
2024-01-15,-5056,3223,2032,1517,-134,-4,0,0,476,177,-200
2024-01-12,31160,-28156,-11011,-10275,-17,-483,0,0,154,-390,7682
2024-01-11,-26137,39287,-13108,-16786,1094,2391,0,0,-291,484,872
2024-01-10,17990,-17309,-2715,-3894,-232,-121,0,0,1532,0,2633
2024-01-09,-111782,114072,968,2614,-136,89,-1,0,-1597,-1,-1491
2024-01-08,-5935,13193,-8092,-6855,-787,-489,0,0,242,-203,1082
2024-01-05,-19889,9393,9890,-473,-2357,-149,0,0,-1047,13916,13
2024-01-04,63441,-43803,-20180,-15929,-3781,1037,0,0,426,-1933,-2
2024-01-03,16546,6362,-22881,-33370,-337,4860,0,0,7658,-1692,-140
2024-01-02,-34940,29940,5186,9429,-3125,-689,-53,0,0,-376,-270
2023-12-28,-10102,-9909,20083,20796,-398,47,207,0,-91,-478,-34
2023-12-27,5780,-1074,-5135,-2689,-2369,337,0,0,-13,-401,414
2023-12-26,33420,-48814,18257,21665,-1375,216,0,0,-2519,270,-2870
2023-12-22,-6016,-22229,27910,9931,-73,18433,0,0,-1480,1099,-515
2023-12-21,62399,-19320,-43965,-2627,-32,-10598,-2773,0,-12568,-15367,485
2023-12-20,-22401,9603,10333,23705,392,-6207,0,0,-7133,-424,-10
2023-12-19,75860,15433,-92351,7371,-2296,-51786,0,0,-13823,-31817,995
2023-12-18,109783,-36121,-75059,-3250,-843,-51394,-153,0,-3533,-15886,1449
2023-12-15,80563,28,-72417,19364,-2517,-84766,327,0,-407,-4418,-8431
2023-12-14,-15231,66996,-53098,42371,-19318,-64476,3015,0,-6686,-8004,1343
2023-12-13,-446,-25973,26521,1432,-774,-4571,0,0,27581,2853,453
2023-12-12,-36520,49563,-12965,21574,1334,-25662,0,0,-11723,1512,-160
2023-12-11,117463,-89615,-26032,-34884,-16158,-22,0,0,27124,-2092,-2441
2023-12-08,-121271,60364,62533,7209,1817,1976,0,0,30935,20596,-1006
2023-12-07,107893,-163483,50407,-16667,1388,-1410,0,0,66521,575,1324
2023-12-06,-42191,-31839,77461,11831,4221,15506,0,0,5518,40385,-3679
2023-12-05,-56879,-127525,188748,-10904,10883,13645,0,0,82565,92559,-4058
2023-12-04,-11985,12567,6577,7935,-374,-1087,0,0,-10,113,-6014
2023-12-01,-119735,69976,58444,-2152,93,241,0,0,5,60257,-8459
2023-11-30,12491,-18661,1676,5109,-27,-3649,0,0,-35,278,4411
2023-11-29,14292,-11296,-1541,-7699,2279,1576,0,0,0,2303,-1455
2023-11-28,18742,-23309,14235,15908,-42,-2163,-1,0,0,533,-9607
2023-11-27,-46371,17485,27022,3894,9096,3136,0,0,0,10896,1948
2023-11-24,-35940,21778,8427,8728,0,-347,0,0,-1012,1058,5785
2023-11-23,-12708,29469,-16904,-2052,-39,1249,0,0,-16099,37,143
2023-11-22,29239,-23305,-5887,-3140,281,3,0,0,-3074,43,-51
2023-11-21,-3705,21496,-1570,-2689,0,1020,0,0,0,99,-16223
2023-11-20,-18022,30787,21237,8722,-124,-138,0,0,12661,116,-34028
2023-11-17,58829,-40851,-12247,-5272,-338,-1937,1,0,0,-4701,-5746
2023-11-16,59511,10806,-13627,-12995,158,-704,0,0,0,-86,-56698
2023-11-15,-85938,42702,43251,35530,313,2247,0,0,0,5161,0
2023-11-14,-55060,39897,15168,6714,-49,0,0,0,9978,-1475,-6
2023-11-13,-27845,17276,10884,-10304,1126,1105,0,0,20743,-1786,-1
2023-11-10,-18876,23217,-3950,-5078,672,408,1,0,0,47,-343
2023-11-09,930,-577,-228,-1416,-230,1691,0,0,-138,-135,-2
2023-11-08,-147201,125130,23001,8209,1797,97,0,0,12294,604,-1064
2023-11-07,-6186,20987,-14050,-13028,0,397,-138,0,-552,-729,-938
2023-11-06,-140134,115176,30575,19670,13291,2301,0,0,-5052,365,-5623
2023-11-03,-53921,66734,-9716,-1098,-1849,-5530,0,0,-9,-1230,-3100
2023-11-02,-114401,106495,8346,8911,33,-934,0,0,-15,351,-460
2023-11-01,-12599,-4122,16367,15462,9,710,0,0,0,186,500
2023-10-31,3854,-15197,11038,904,69,-1552,0,0,12619,-1002,344
2023-10-30,-65510,55082,10525,340,-178,294,0,0,10000,69,3
2023-10-27,-34790,30241,3739,7388,26,-2579,0,0,-8,-1088,760
2023-10-26,184953,-197582,8002,8131,-45,-44,0,0,58,-98,4012
2023-10-25,-35331,20159,17752,4622,-127,4,0,0,13305,-52,-2584
2023-10-24,4113,-3687,-434,-597,-29,134,0,0,0,58,500
2023-10-23,-26386,11781,15289,5061,-96,171,0,0,10000,153,-932
2023-10-20,40864,-53708,9598,-2775,-3,374,0,0,11990,12,5199
2023-10-19,-28917,-27856,12911,369,45,506,0,0,11915,76,43962
2023-10-18,-25644,-69788,2266,1933,-184,395,0,0,53,69,93461
2023-10-17,24017,-37485,15028,-3353,-1218,1491,0,0,12293,5815,-3707
2023-10-16,-40314,-12579,-1482,-826,-537,261,0,0,0,-380,54175
2023-10-13,-90371,-109941,-9247,-10387,-177,54,0,0,63,1200,209481
2023-10-12,-31121,5487,-18098,-8448,-304,-936,0,0,-7450,-960,43732
2023-10-11,-108225,91122,15832,16008,-29,22,0,0,-510,341,1271
2023-10-10,7552,-34237,23165,25505,-304,-113,0,0,-1702,-221,3494
2023-10-06,-28939,26993,1535,3578,1290,-3140,0,0,-162,-31,411
2023-10-05,84772,-33940,-55350,8223,-267,3544,0,0,-65428,-1422,3896
2023-10-04,142328,-132667,-12804,-7015,-124,-1106,0,0,0,-4559,2825
2023-09-27,-4613,-68677,64937,-627,823,-1753,0,0,65730,764,8353
2023-09-26,91081,-96559,4128,-7586,-4,15098,0,0,0,-3380,2042
2023-09-25,4164,-14413,8983,11431,-752,-294,0,0,-1364,-38,1151
2023-09-22,-44711,32226,12234,744,-434,1108,0,0,9825,991,-1435
2023-09-21,-24843,29887,-6130,-16004,-97,-923,0,0,12000,-1106,560
2023-09-20,-36375,14795,18486,6483,-3404,-2115,0,0,18020,-498,3013
2023-09-19,65347,-58556,-10439,-13103,0,914,0,0,379,1371,3562
2023-09-18,-56110,21488,32642,-5624,-5,977,0,0,33778,3516,1983
2023-09-15,-51692,-48071,100239,32907,-144,38726,0,0,17897,10853,-1153
2023-09-14,60530,-78894,24235,45636,-631,-25364,0,0,10971,-6377,-5890
2023-09-13,8974,-77478,74378,392,-333,842,0,0,74106,-629,251
2023-09-12,60219,-54224,66,1264,-299,350,0,0,-11,-1238,-6632
2023-09-11,-144766,143424,6899,-2430,-133,-440,0,-6,10798,-890,-7019
2023-09-08,-129532,118885,17764,-1283,-74,-35,532,0,18514,110,-6078
2023-09-07,19082,-23136,1418,-4885,-1010,1257,0,0,9172,-3116,5979
2023-09-06,117384,-94313,-20789,-13896,-1037,-6283,0,0,335,92,-2158
2023-09-05,-14946,-10779,27071,-1501,340,1112,0,0,27123,-3,-3794
2023-09-04,-106857,72846,18980,-11250,914,1574,0,0,43315,-15573,14841
2023-09-01,-19151,32778,-13232,-2617,1734,-465,0,0,-9815,-2069,-400
2023-08-31,-87231,80761,12445,10540,-3279,-2431,0,0,10552,-2937,-7293
2023-08-30,-186253,116003,15449,9417,-2741,67,0,0,9291,-585,55422
2023-08-29,-482626,323347,46140,-4618,-123,26,744,0,50000,111,113126
2023-08-28,-264373,232814,30777,1674,3011,876,0,0,24582,634,896
2023-08-25,-442489,28905,358,-6165,1211,754,743,0,2119,1696,410692
2023-08-24,207588,-182440,-25429,-14089,-106,-100,627,0,-11834,73,-15
2023-08-23,1074496,-1048786,-31719,-26505,0,-174,0,0,-834,-4206,3950
2023-08-22,-24672,-14561,32610,-5891,-1692,10541,0,0,8709,20943,6503
2023-08-21,-206069,222033,-19267,8886,-1230,1227,0,0,-500,-27650,3716
2023-08-18,4688,10710,-15437,333,-77,104,0,0,-333,-15464,-325
2023-08-17,-23319,-21081,27130,-3304,609,1379,0,0,10029,18417,18237
2023-08-16,-159244,114519,29088,-9390,-96,12716,0,0,-333,26191,13916
2023-08-14,-71822,57658,4163,-6264,-4007,-127,0,-7,15928,-1360,9181
2023-08-11,345268,-310835,-36702,-41454,3237,4114,-10000,0,38105,-30704,2130
2023-08-10,-68584,-16716,82419,74360,5683,22968,642,0,1513,-22747,2784
2023-08-09,67805,-59559,-19261,-20519,-5,-55,3200,0,0,-1882,10832
2023-08-08,690923,-519434,-176470,-66862,-6857,-1847,0,0,-49801,-51103,4169
2023-08-07,656313,-617799,-46521,-35789,-1254,6437,0,0,-400,-15515,4999
2023-08-04,607234,-697815,99833,-10370,-826,-1148,0,0,110993,1184,-3047
2023-08-03,547417,-534247,-21873,61495,10536,-3475,0,-6,35275,-125698,7251
2023-08-02,515290,-523158,-923,-9900,351,8666,0,0,0,-40,4432
2023-08-01,260732,-259911,11414,10406,46,1069,0,0,-30,-77,-13239
2023-07-31,-409663,531029,-109682,-43904,-579,6740,0,0,-727,-71212,-9627
2023-07-28,1157140,-1256864,79426,23394,-116,9212,0,0,-29512,76448,18673
2023-07-27,-487683,427195,65009,-28429,632,76745,1,0,456,15604,-2420
2023-07-26,-18562,-651892,679685,502775,-12,-1251,0,0,128,178045,-9153
2023-07-25,-56092,-21245,78754,169629,-362,-2444,0,0,-52027,-36042,-1800
2023-07-24,61044,-54267,-18397,70719,306,484,0,0,0,-89906,9821
2023-07-21,507120,64191,-584420,-492517,-39,0,-1,0,0,-91863,13289
2023-07-20,192313,-129776,-72205,-88373,-7,0,0,0,11484,4691,7767
2023-07-19,-113863,141027,-26890,-47882,2143,2989,0,0,15107,753,-211
2023-07-18,168424,-148010,-21288,-24921,-1157,3566,0,0,290,934,609
2023-07-17,92839,-94695,-847,1091,984,-3012,0,0,0,90,2520
2023-07-14,45007,-65860,20494,21413,-22,320,0,0,0,-1217,0
2023-07-13,85028,-93494,8235,7056,-19,4212,0,0,-2475,-539,-73
2023-07-12,19854,-21810,1879,-2598,2752,548,0,0,914,263,0
2023-07-11,60134,-39054,-19768,6582,-95,-67,0,0,-29481,3293,986
2023-07-10,27819,-23582,-4501,-5321,-120,115,0,0,760,65,-237
2023-07-07,43562,-22341,-26654,-10043,569,2223,0,0,-20462,1059,3082
2023-07-06,54189,-1651,-54449,-61332,-10,-78,0,-4,6381,594,1757
2023-07-05,69147,-19127,-50270,-21931,-97,58,0,0,-26918,-1382,63
2023-07-04,177359,-130914,-44422,3948,832,3334,0,0,-54000,1464,-2135
2023-07-03,-61730,85690,-25543,53795,-858,-207,0,0,-76890,-1383,1182
2023-06-30,-2893,-1586,2536,10900,442,1706,323,0,-10239,-596,1790
2023-06-29,87111,-79893,-6382,-3692,-1193,-786,-324,0,0,-387,-1569
2023-06-28,-22028,32266,-3595,280,-17,-3025,0,0,-660,-173,-6835
2023-06-27,61037,-42428,-8284,2316,-4,157,2,0,-10449,-306,-10456
2023-06-26,-54469,67521,4118,5467,-479,-18,-34,0,-844,26,-14724
2023-06-23,-23909,43080,-9942,-14361,-33,-73,0,0,-820,5345,-9401
2023-06-22,21937,-12377,-256,303,-149,-181,0,0,-54,-175,-9558
2023-06-21,62215,-103301,40508,20592,-4,-9,-1,0,58,19872,-509
2023-06-20,1479,18343,-22409,-4711,8698,15386,1,0,-42452,669,1916
2023-06-19,44714,-23000,-22956,8311,-485,-104,0,0,-40686,10008,4408
2023-06-16,67502,-22590,-45987,-7413,184,1522,1,0,-41511,1230,267
2023-06-15,29419,-27791,-2423,2224,-673,-2642,-1,0,4736,-6067,958
2023-06-14,10865,79684,-92963,-41296,-1865,-14632,-5000,0,-37214,7044,2325
2023-06-13,121976,-80749,-42834,-62248,-804,8460,0,0,-606,12364,1187
2023-06-12,99157,-60163,-41319,-22640,4403,19735,0,0,-42815,-2,2381
2023-06-09,58067,-82524,22783,8528,333,18412,0,0,-5773,1283,62
2023-06-08,149318,-151013,1536,4338,1474,-2617,-4,0,-1990,335,68
2023-06-07,115406,-128667,13276,13641,-105,746,1,0,0,-1007,220
2023-06-05,53263,-69973,15990,11448,5515,601,-1,0,-1515,-58,739
2023-06-02,197262,-185728,-20053,4453,-734,-1773,1,0,-30000,8000,8175
2023-06-01,-8887,-481,7506,-1504,209,-3651,-1,0,-1194,13647,1970
2023-05-31,-81885,149209,-65584,3443,2168,-60516,-1,0,-8727,-1951,-1793
2023-05-30,30539,-43165,12419,10660,-1301,169,-3939,0,7158,-328,461
2023-05-26,52233,-11064,-43197,-2522,-66,-22,-360,0,-43092,2865,1891
2023-05-25,101640,-85372,-15924,-15699,1375,-506,0,0,-937,-157,-1052
2023-05-24,359779,-335192,-28797,-5649,1058,-3901,0,0,-24449,4144,3791
2023-05-23,72428,-48586,-13627,10820,2750,-619,1,0,-29068,2489,-10480
2023-05-22,33198,14058,137,19337,-3684,-1776,0,0,-4571,-9169,-47827
2023-05-19,124731,-124967,-2117,21950,-731,-1178,0,0,-24419,2261,1002
2023-05-18,-31945,30550,-3903,-3982,-313,228,0,0,441,-277,5395
2023-05-17,121906,-105881,-15960,558,-9362,-118,2300,0,-548,-8790,3
2023-05-16,-24435,31121,-13759,1621,-1227,-9668,3000,0,790,-8275,8211
2023-05-15,63210,-68338,2170,4047,-233,180,0,0,-1306,-518,2383
2023-05-12,11403,23682,-33560,-5430,-8089,-13586,0,0,-311,-6144,-3045
2023-05-11,102764,-61358,-45178,2350,-17955,-6988,2501,0,-23203,-1883,3161
2023-05-10,59067,-65628,1492,-4742,189,127,0,0,5205,713,3838
2023-05-09,30636,-7253,-24043,2595,-9418,-3166,0,0,-12878,-1176,501
2023-05-08,25946,-27696,-9997,-7943,868,1134,-1,0,-3952,-103,11598
2023-05-04,-183977,162074,21857,9833,1417,-608,0,0,11607,-392,242
2023-05-03,15651,-16876,1409,-5816,2273,-284,0,0,5573,-337,-398
2023-05-02,-47685,35999,11710,9588,1516,-1351,0,0,2678,-721,-24
2023-04-28,-141522,146022,-4090,-7711,-266,568,4000,0,21,-702,21
2023-04-27,334367,-303151,-32452,-32644,-651,438,5001,0,-4148,-448,611
2023-04-26,-232655,215136,17931,16326,-89,-1380,2500,0,-404,978,-322
2023-04-25,65794,-70512,9676,2312,1863,-3046,0,0,9053,-506,-5994
2023-04-24,8218,-56534,51546,14384,5988,5535,0,0,25421,218,-3815
2023-04-21,172553,-236746,59667,7946,9198,-2178,0,0,45590,-889,5131
2023-04-20,-20541,-176517,191489,1063,9754,22886,0,0,155250,2536,5640
2023-04-19,58392,-62169,2951,5510,-94,-347,0,0,0,-2118,584
2023-04-18,5679,1676,-7505,-7683,349,-127,-1,0,-493,450,108
2023-04-17,95473,-84918,-11268,-11020,-30,57,0,0,-53,-222,16
2023-04-14,-73834,53303,14726,12155,-76,2785,0,0,-116,-22,4947
2023-04-13,19101,-76412,55398,37847,470,8378,0,0,483,8220,2411
2023-04-12,-117245,112887,4978,1075,-115,2854,0,0,197,967,-699
2023-04-11,42726,-46961,3152,9631,-4357,-291,0,0,-1783,-48,2091
2023-04-10,70133,-57957,-13080,455,-4693,-6415,0,0,-128,-2299,267
2023-04-07,18095,-18758,-163,591,-179,-148,0,0,302,-729,800
2023-04-06,59043,-45958,-12984,-20854,-37,7046,0,0,808,53,124
2023-04-05,46747,-80071,21486,13425,515,5835,0,0,481,1230,12397
2023-04-04,-109741,102120,6964,10068,740,-12002,0,0,0,8158,690
2023-04-03,78486,-57811,-20886,-15050,-113,1761,1,0,-707,-6778,164
2023-03-31,-10972,1197,11787,8322,438,1688,0,0,1996,-657,-2024
2023-03-30,15068,-10158,-752,1821,461,832,0,0,0,-3866,-4164
2023-03-29,10482,-14912,3970,6430,-13,0,0,0,-1941,-506,160
2023-03-28,26844,-36501,9741,8628,-326,254,0,0,1407,-222,0
2023-03-27,1760,-10179,7664,5319,-87,2853,0,0,0,-421,3
2023-03-24,-59762,66479,-6660,-9929,-20,5,0,0,3285,-1,34
2023-03-23,30127,-39651,9355,9848,-47,80,0,0,-85,-441,39
2023-03-22,-30415,26178,4161,4958,-52,-687,0,0,0,-58,1
2023-03-21,23294,-20734,-2562,348,-167,-172,0,0,-2026,-545,2
2023-03-20,8233,-3472,175,381,-150,0,0,0,60,-116,-4993
2023-03-17,-57934,62261,1061,-1118,-1440,66,0,0,2210,1343,-5389
2023-03-16,-30888,44202,-5272,-5785,-207,43,0,0,992,-315,-8001
2023-03-15,-6744,-22879,33579,8361,-500,-328,0,0,26397,-351,-3958
2023-03-14,18446,-22613,5698,2127,0,-2540,0,0,7362,-1251,-1951
2023-03-13,8603,-5976,951,6797,-5084,1089,0,0,-405,-1446,-3666
2023-03-10,-5677,13913,-4022,-9803,-2904,8393,-112,0,1942,-1538,-4500
2023-03-09,14102,-25572,14461,15464,275,-2017,0,0,733,6,-2988
2023-03-08,95904,-69690,-29865,-27852,-30,-62,0,0,0,-1921,3606
2023-03-07,-42574,62112,-8146,-4551,-3216,-102,0,0,-597,320,-10309
2023-03-06,53356,-87052,26051,16237,-2093,18,-41,0,-608,12538,7700
2023-03-03,18151,-13926,-3101,-564,-571,33,360,0,-1766,-593,5150
2023-03-02,58756,-45480,-8688,-8265,-135,191,-360,0,-613,494,100
2023-02-28,105234,-90900,-18467,6793,131,-9609,0,0,3469,-19251,3978
2023-02-27,-861,19389,-16700,-15291,-15,-128,0,0,-911,-355,-924
2023-02-24,108668,-73251,-39091,-7892,-215,186,0,0,28,-31198,2630
2023-02-23,83952,-92991,4743,6087,-1278,391,1,0,-723,265,4142
2023-02-22,108563,-88562,-20537,-17992,-572,-685,0,0,-806,-482,227
2023-02-21,146287,-181725,33674,-9849,-907,6251,0,0,2310,35869,481
2023-02-20,-15849,6373,8963,9345,-116,-70,0,0,0,-196,512
2023-02-17,21964,-10731,-11484,-13506,-53,-474,0,0,3177,-628,-130
2023-02-16,-98433,65914,33144,28048,-170,2061,0,0,-5728,8933,-602
2023-02-15,-747,14861,-15165,-17334,58,144,0,0,-532,2499,1056
2023-02-14,9314,-19860,10529,10576,-542,-1077,0,0,58,1514,54
2023-02-13,-4052,-1549,7982,-4618,313,-1468,0,0,13104,651,-2432
2023-02-10,62995,-59119,-5551,-15921,70,-149,0,0,9667,782,1524
2023-02-09,30777,-47426,16185,-11056,-78,133,0,0,27466,-280,50
2023-02-08,-115833,111219,273,1875,-869,-171,0,0,-256,-306,3884
2023-02-07,-37642,59954,-23225,-8040,-115,-188,0,0,0,-14882,1052
2023-02-06,4616,-7914,2353,-16207,-184,11936,0,0,2764,4044,947
2023-02-03,-23535,9810,13637,765,288,3840,0,0,-1866,10610,5
2023-02-02,-49398,32641,17168,-5285,22,-197,0,0,-931,23559,-400
2023-02-01,-31064,36063,-3249,-1235,-319,-194,0,0,-1885,384,-1754
2023-01-31,16383,-14135,-2457,10992,-29,-3621,0,0,-10138,339,332
2023-01-30,45155,-26601,-19957,-4607,58,-3596,0,0,3840,-15652,833
2023-01-27,-28079,20598,8034,10905,-1107,-904,0,0,529,-1389,2199
2023-01-26,-50303,38242,13252,3573,-49,1375,0,0,-754,9107,-1250
2023-01-25,-2107,-10784,3530,1289,-148,-300,0,0,2993,-304,9257
2023-01-20,16163,-17556,1217,-2543,-305,3770,0,0,363,-68,101
2023-01-19,-35944,52472,-17063,-4247,-10,-223,0,0,-12525,-58,634
2023-01-18,-15518,36325,-20544,-3791,-110,338,0,0,-16745,-236,-3
2023-01-17,11312,-1327,-2029,-3217,-434,-2374,0,0,4132,-136,-7677
2023-01-16,-27561,30604,717,8642,-593,-12911,1,0,4130,1448,-3265
2023-01-13,6070,4808,-11034,8451,-7442,-253,0,0,-10515,-1275,56
2023-01-12,-12416,16920,-3880,-14583,-4683,-98,0,0,14503,981,-994
2023-01-11,-50387,17894,32485,3443,-1,-50,0,0,29080,13,0
2023-01-10,-1397,-3803,6228,8996,-1769,-520,0,0,-557,78,-1599
2023-01-09,-10957,-3748,14239,11622,1860,990,0,0,4076,-4309,496
2023-01-06,-49021,59694,-11660,-8514,1012,994,0,0,5693,-10845,970
2023-01-05,-11883,47319,-35518,-39307,87,1315,0,0,8761,-6374,-6
2023-01-04,-136642,125238,11993,6891,-6457,6904,0,0,5426,-771,-606
2023-01-03,18414,-12290,-9789,-13343,-4600,-1915,-371,0,5068,5372,3632
2023-01-02,19301,-2432,-19196,-13748,-216,565,0,0,6420,-12217,2325
2022-12-29,15277,17815,-31437,-18112,-3151,2374,0,0,-19910,7362,-1481
2022-12-28,98789,-42425,-57360,-23357,-1890,3408,0,0,-197,-35324,394
2022-12-27,292808,-323405,31287,30640,64,657,0,0,-9679,9605,-757
2022-12-26,-140995,105584,37909,13996,5442,8061,0,0,-1070,11480,-2206
2022-12-23,-32703,30420,2277,9244,-1218,577,0,0,15105,-21431,4
2022-12-22,-72860,12766,59097,16011,3449,-279,154,0,-3918,43680,1031
2022-12-21,-68077,54889,14112,4077,3200,-499,0,0,22266,-14932,-940
2022-12-20,68895,-65999,-3353,-1896,-642,1780,0,0,-2872,277,448
2022-12-19,12581,-9726,-309,3865,10,-334,0,0,0,-3850,-2476
2022-12-16,-146623,116838,30352,-8935,38,9069,0,0,1801,28379,479
2022-12-15,84943,-74552,-11942,-10491,-617,-789,0,0,2160,-2205,463
2022-12-14,116951,-108165,-5473,8214,-11,874,0,0,5531,-20081,-3192
2022-12-13,-70212,109389,-36894,863,4,2599,0,0,-144,-40216,-2216
2022-12-12,105037,-68458,-32669,1257,1470,-123,0,0,-4827,-30446,-3553
2022-12-09,-14981,32358,-14028,14041,1032,1951,0,0,-1144,-29908,-3499
2022-12-08,-19921,34778,-14448,2701,2418,7985,-2,0,-5292,-22258,-455
2022-12-07,-14524,30406,-15927,2405,124,338,0,0,-4452,-14342,14
2022-12-06,22652,-8186,-13540,-9175,-24,-65,0,0,-1309,-2967,-923
2022-12-05,-83301,101325,-13912,3846,-4581,-615,0,0,-11762,-800,-3870
2022-12-02,-30563,58431,-26558,-11634,-36,-10704,0,0,-3689,-495,-1302
2022-12-01,33090,-37561,4218,5796,21,-1873,0,0,0,274,252
2022-11-30,-2123,-4503,5346,-14451,-317,770,0,0,25609,-6265,1490
2022-11-29,-39012,4080,34535,5908,0,-191,0,0,28816,2,97
2022-11-28,1151,-3963,2916,-3223,-89,-770,-1400,0,8380,18,-138
2022-11-25,-3713,-49275,52984,766,23251,41,0,0,28926,0,2
2022-11-24,-18397,-10097,28315,1813,-8,-1182,0,0,28247,-555,151
2022-11-23,8527,-42663,33537,3907,1146,-255,0,0,30307,-1568,606
2022-11-22,-101310,77442,26559,1777,31,56,0,0,26422,-1727,-2556
2022-11-21,104780,-109198,3056,10304,-1869,-19749,2,0,14434,-66,1415
2022-11-18,-50051,26182,24696,-2003,-1172,-61,0,0,29792,-1860,-850
2022-11-17,-70317,39977,32059,2535,43,-116,0,0,29282,315,-1665
2022-11-16,11513,-12548,761,3758,-386,-1682,0,0,-1127,198,217
2022-11-15,-7010,-1146,5391,8549,2812,-1375,0,0,174,-4769,2707
2022-11-14,28741,-24756,-2309,3062,4,-2780,0,0,-58,-2537,-1657
2022-11-11,-94366,71730,22872,26165,265,-3583,0,0,1073,-1048,-293
2022-11-10,-20794,32228,-9495,-7260,100,-1434,0,0,-658,-243,-1910
2022-11-09,-32536,19844,16779,14847,266,2826,0,0,-507,-653,-3531
2022-11-08,-60949,44174,18247,15925,737,40,0,0,1652,-107,-1501
2022-11-07,-49411,40413,12403,7304,-49,7,0,0,1330,3811,-2807
2022-11-04,-74914,73135,3896,237,341,-1752,0,0,0,5070,-1966
2022-11-03,48287,-25251,-25884,-26375,282,-942,0,0,1413,-262,3027
2022-11-02,-53140,33130,21801,-14515,1888,8181,0,0,26101,146,-1802
2022-11-01,-40369,6674,38954,4699,714,10477,-18,0,23048,34,-5002
2022-10-31,10420,-12231,2711,-230,2075,3069,0,0,-2192,-11,-900
2022-10-28,-59272,32082,24713,16175,2187,3206,0,0,3461,-316,2407
2022-10-27,-44775,19841,25463,20822,855,3186,0,0,0,600,-514
2022-10-26,25110,-17542,-8277,-5874,-1835,798,0,0,-680,-686,876
2022-10-25,42572,-58029,13797,5977,1978,698,0,0,4415,729,1731
2022-10-24,-83950,73959,8804,7465,-24,1631,0,0,-268,0,824
2022-10-21,38136,-51340,12564,8241,-627,0,0,0,5030,-80,500
2022-10-20,-38609,40951,-679,-6584,5979,-62,0,0,-328,316,-1628
2022-10-19,72476,-83539,10012,-660,2357,589,0,0,7072,654,533
2022-10-18,-5227,9632,33544,4445,8972,1220,0,0,18349,558,-37471
2022-10-17,30016,20995,-28676,-7409,-2235,-4349,0,0,12945,-27628,-21956
2022-10-14,-147657,210419,-34998,7819,-4039,-7491,0,0,6762,-38049,-27796
2022-10-13,38494,31766,-70415,-30413,39,282,0,0,3811,-44134,615
2022-10-12,31680,28884,-60940,-23917,1013,-2949,0,0,4949,-40036,793
2022-10-11,-4489,53341,-48414,-21361,3783,611,0,0,3109,-34556,-469
2022-10-07,42638,-28647,-15653,-3836,-144,1298,0,0,-13021,50,1510
2022-10-06,-7305,3043,4788,-3167,730,77,0,0,5252,1896,0
2022-10-05,3720,15072,-18648,-18670,-1478,872,0,0,1000,-372,0
2022-10-04,-58286,36036,21148,4419,181,-82,0,0,1000,15630,1380
2022-09-30,9776,-13606,3650,7461,2646,1914,0,0,-8173,-198,0
2022-09-29,-21992,36212,-13641,17,2023,9859,0,0,-15869,-9671,-600
2022-09-28,-48180,44097,4516,-1182,1155,-3176,0,0,6640,1079,-95
2022-09-27,-71913,70780,2109,12891,-1248,1274,-5000,0,-7340,1532,-1343
2022-09-26,-81358,62400,19515,24423,635,1573,-2000,0,-6187,1071,-517
2022-09-23,-37212,40706,-4750,-375,893,-125,-8000,0,3418,-561,1052
2022-09-22,-51056,78074,-27192,-9999,1984,528,-6000,0,-15386,1681,33
2022-09-21,-65145,57357,14053,-478,9685,11206,-9000,0,5309,-2669,-5144
2022-09-20,-38489,44418,-6053,6327,365,192,-5000,0,-8391,454,108
2022-09-19,-61485,46912,15054,1477,90,611,-25000,0,36098,1778,335
2022-09-16,-56977,89456,-28133,-12351,1886,-257,-17000,0,-90,-321,-4575
2022-09-15,45073,-37012,-2953,5083,589,277,-8500,0,-279,-123,-5427
2022-09-14,38265,-3685,-27519,-11431,-10,183,-19500,0,116,3123,-7399
2022-09-13,-10215,13353,7789,26997,67,6321,-15000,0,-12617,2021,-11010
2022-09-08,-36019,40057,7921,14292,-546,10234,-18000,0,-169,2110,-11995
2022-09-07,-30214,65954,-26892,-273,-1520,254,-31000,0,2522,3125,-8897
2022-09-06,2694,48895,-50557,-4098,-49,-5755,-35638,0,-229,-4788,-1078
2022-09-05,-36693,68139,-28737,3826,-663,-646,-30362,0,-7435,6543,-2751
2022-09-02,-16734,44931,-28203,3387,80,713,-30000,0,-9428,7045,35
2022-09-01,190767,-115558,-75110,-13605,-245,-1751,-25000,0,-30814,-3695,-168
2022-08-31,-9775,19188,3472,-2092,-891,176,-50000,0,693,55586,-12810
2022-08-30,5359,30664,-31131,-2747,15,-673,-30000,0,1984,290,-4998
2022-08-29,-38611,98409,-53596,-17035,-739,-997,-28000,0,1603,-8428,-5653
2022-08-26,30476,-2663,-16733,2303,56,287,-19000,0,379,-758,-11998
2022-08-25,143,36267,-27189,-3529,321,-104,-24087,0,379,-169,-10198
2022-08-24,-13183,49353,-23219,-7279,-4972,-636,-17000,0,-952,7620,-12974
2022-08-23,42248,30216,-35518,-16121,-1106,-95,-22000,0,-639,4443,-36996
2022-08-22,14500,53842,-46695,-4953,774,-1442,-32000,0,-7553,-1521,-22286
2022-08-19,29098,19117,-27141,-260,14,0,-21000,0,-5390,-505,-23237
2022-08-18,87283,619,-76366,-10404,-2070,-16464,-42000,0,4527,-9955,-12142
2022-08-17,88463,-62608,-10392,4846,1553,90,-22000,0,4403,716,-15202
2022-08-16,-8442,45051,-20904,339,-439,-101,-20000,0,-568,-135,-10020
2022-08-12,9057,28130,-20000,-11665,-23,12,-28000,0,20048,-372,-16687
2022-08-11,107326,-67410,-27940,14346,0,412,-9000,0,-33456,-242,-14147
2022-08-10,94372,-33115,-54368,-3575,-8553,-3833,-28000,0,-10465,58,-12325
2022-08-09,13712,47054,-42073,3265,2064,-727,-44000,0,-3336,661,-18889
2022-08-08,229804,-154332,-53371,-1997,-886,972,-49000,0,-3891,1431,-23851
2022-08-05,-50689,119530,-68597,11388,-3680,-229,-97000,0,19784,1140,384
2022-08-04,145788,-101976,-23801,6798,1312,944,-32045,0,-1021,211,-21369
2022-08-03,74207,-35938,4660,-812,-1086,2902,0,0,3406,250,-43226
2022-08-02,183173,-102212,-26092,-20127,1129,185,0,0,-5935,-1344,-55154
2022-08-01,79582,-57611,-1482,-155,-25,-1496,0,0,-2500,2694,-20416
2022-07-29,3298,67483,-42517,-9765,-1610,-3699,0,0,-17575,-9868,-28659
2022-07-28,23748,15109,-9243,8091,-2765,2859,0,0,-14472,-2956,-29767
2022-07-27,39882,-5664,-12574,12142,128,-2181,-1658,0,-6045,-14960,-22006
2022-07-26,-16875,27043,1954,3425,-1902,12,0,0,1077,-658,-12124
2022-07-25,-14595,27455,2094,7933,-119,-203,0,0,-419,-5098,-13839
2022-07-22,37600,39763,-80551,-4193,-1863,-17562,0,0,-1447,-55486,3270
2022-07-21,97552,-65704,-6582,-21966,-2815,4071,0,0,9344,4784,-25624
2022-07-20,-11356,90612,16790,-15313,-6862,11944,0,0,10381,16640,-95525
2022-07-19,145367,-101761,6950,-16841,4031,-4263,0,0,29212,-5189,-50632
2022-07-18,-5919,7617,33619,-20731,198,-4220,0,0,57450,922,-35078
2022-07-15,63030,-22164,-1519,-8438,-5,2318,0,0,1448,3158,-39626
2022-07-14,13414,739,21696,-16791,1149,1949,0,0,27214,8175,-36184
2022-07-13,57999,-73456,46840,8216,-3721,2202,0,0,33719,6424,-33078
2022-07-12,168649,-143457,22814,-11499,1500,-3586,0,0,25410,10989,-47653
2022-07-11,83256,-117742,84926,-27885,3820,41345,0,0,54407,13239,-50707
2022-07-08,431358,-166105,-145119,-329,14306,-31190,0,0,13625,-141531,-120172
2022-07-07,69277,-101279,25858,12049,10186,-11838,0,0,28085,-12624,6013
2022-07-06,-64192,-121916,182613,-20435,-74,30816,0,0,611,171695,4643
2022-07-05,-32361,-124982,141367,-11866,6534,24232,0,283,43292,78892,16152
2022-07-04,-39403,15689,25809,6017,4854,2852,0,0,-4676,16762,-1953
2022-07-01,195,5754,-5410,-7769,1977,766,0,0,19578,-19962,-60
2022-06-30,-42021,52582,-11987,-11415,11556,5201,0,0,3854,-21183,1018
2022-06-29,101601,-104934,3591,-12285,2682,6794,0,0,6416,-16,15
2022-06-28,-845,-49196,50136,22592,1929,-240,0,0,25552,303,0
2022-06-27,18223,-58041,36750,8706,-488,842,0,0,26979,711,3130
2022-06-24,-103765,21698,82948,15942,8913,7158,0,0,722,50213,300
2022-06-23,-43822,-15801,60616,34036,6224,12522,0,0,-6052,13886,-986
2022-06-22,-7,-10566,9138,144,1214,1669,0,0,5790,321,200
2022-06-21,-10808,-9426,20234,12989,749,461,0,0,4314,1721,0
2022-06-20,-1593,-65360,66299,19506,792,482,0,0,45839,-320,607
2022-06-17,-98711,57253,40329,4262,9894,-459,0,0,45728,-19096,924
2022-06-16,-10984,-14083,24762,-5931,-477,386,0,0,35082,-4298,350
2022-06-15,1301,-58993,57262,-6785,6884,5022,0,0,59503,-7362,501
2022-06-14,6924,61536,-72975,-13663,-1432,1087,0,0,-30,-58937,3851
2022-06-13,73287,-5505,-71115,-17998,10358,1981,-527,0,13484,-78413,2811
2022-06-10,77304,-167265,89823,-139996,15656,118573,0,0,137894,-42304,53
2022-06-09,-31651,-617415,648556,-55886,125380,493265,362,0,44858,40577,510
2022-06-08,-1181,-6318,8044,-3422,-5599,14634,0,0,2431,0,-658
2022-06-07,68588,-86064,13289,361,277,560,0,0,12119,-28,3971
2022-06-03,-41172,27092,14194,-524,-394,2451,0,0,18143,-5482,-170
2022-06-02,22686,-37785,15053,-1249,1722,1096,0,0,16343,-2859,80
2022-05-31,-65822,34536,34564,-642,-10,4426,0,0,32240,-1450,-3300
2022-05-30,-17175,-3429,15376,-1199,0,-2131,0,0,19816,-1110,5178
2022-05-27,-57789,35212,22411,253,3019,-4,0,0,20868,-1725,166
2022-05-26,-13117,-7673,20936,228,1394,776,0,0,20293,-1755,-136
2022-05-25,-26504,-33767,60784,1670,-1958,1455,0,0,63182,-3565,0
2022-05-24,18633,-42052,22271,654,140,1808,0,0,19345,324,202
2022-05-23,-19887,-10114,30713,9486,-129,58,0,0,20688,610,-48
2022-05-20,-20065,-15265,34240,8594,3873,363,0,0,20010,1400,1200
2022-05-19,-17767,-7323,25513,-1791,140,176,0,0,25970,1018,-500
2022-05-18,-24704,863,23794,2069,541,38,0,0,20878,268,1
2022-05-17,-53544,34884,19655,-92,-72,0,0,0,19735,84,0
2022-05-16,31375,-46656,14923,-630,8,245,0,0,14313,987,405
2022-05-13,50933,-103071,50979,8440,-57,-2398,0,0,45671,-677,-351
2022-05-12,-29930,19559,10551,-3435,0,-850,0,0,15241,-405,-89
2022-05-11,-42591,28482,14239,-826,0,3,0,0,14876,186,-40
2022-05-10,-6331,17299,-10543,-12318,-143,85,0,0,0,1833,-115
2022-05-09,10953,-11270,281,120,-248,96,0,0,-116,429,114
2022-05-06,-14930,15426,-613,-1157,103,-10,0,0,115,336,0
2022-05-04,-7425,4059,4130,-11,23,30,0,0,4211,-123,-1000
2022-05-03,-4782,-7155,11160,-412,312,850,0,0,12336,-1926,860
2022-05-02,-27865,30930,-2790,-2323,-299,0,0,0,3,-171,-800
2022-04-29,-16462,13950,2540,-124,0,979,0,0,1631,54,-9
2022-04-28,-33168,31985,1371,-550,222,1568,0,0,-49,180,217
2022-04-27,-52243,49632,3429,133,0,514,0,0,2703,79,-1045
2022-04-26,-29118,13213,25884,640,347,-98,0,0,24936,59,-10013
2022-04-25,-9343,31226,-23855,127,272,170,0,0,-24409,-15,1797
2022-04-22,-30790,32362,-1278,-1853,0,-16,0,0,0,591,-159
2022-04-21,29225,-39223,13648,10996,318,0,0,0,2083,251,-3867
2022-04-20,-22847,13341,19353,44,98,511,0,0,18777,-77,-9932
2022-04-19,-45061,42581,2484,2147,-1,0,0,0,116,222,-10
2022-04-18,-56335,68116,4698,17,2022,228,0,0,2428,3,-14582
2022-04-15,-39454,22526,17417,162,-3869,-7090,0,0,37857,-9643,-584
2022-04-14,-13638,12471,5291,-675,1786,1646,0,0,2199,335,-4635
2022-04-13,16286,-26855,8975,1978,352,440,0,0,3760,2445,1451
2022-04-12,-126391,143909,-22508,-1085,0,-1019,0,0,1079,-21483,5001
2022-04-11,-69659,128666,-57371,-16324,-2593,-8933,0,0,-16982,-12539,-1691
2022-04-08,5957,-3248,-4360,837,-3694,-1514,0,0,0,11,1622
2022-04-07,-33961,19326,15643,-6938,385,4514,0,0,3253,14429,-1117
2022-04-06,-29117,16063,14141,-1100,889,1962,0,0,195,12195,-1012
2022-04-05,-60333,61183,27,-46,851,-197,0,0,-601,20,-711
2022-04-04,-40871,53739,-11861,-7899,-3728,124,0,0,-399,41,-1021
2022-04-01,-58159,56432,-1255,-807,2147,44,-70,-3400,-1242,2073,2780
2022-03-31,117147,-105617,-11836,1027,1962,-4038,0,0,-10432,-355,160
2022-03-30,-92370,89494,2911,1194,-5,68,0,0,1456,198,75
2022-03-29,-17923,20024,-1336,-1665,-395,0,0,0,-263,987,-168
2022-03-28,67867,-55720,-14401,490,-34,-16973,0,0,1865,251,589
2022-03-25,-109502,57390,53406,187,456,909,0,3400,47696,758,-1220
2022-03-24,-77829,73203,3954,-1443,679,-59,0,0,4590,187,545
2022-03-23,-62477,60695,1461,-120,-25,0,0,0,1993,-387,-174
2022-03-22,-42761,55386,-12599,-1244,-6104,-3212,0,0,-2039,0,-504
2022-03-21,-13688,37527,-19600,-13245,989,-8714,0,0,2000,-630,-1612
2022-03-18,-100559,106466,-3313,9520,-1117,4994,0,0,-15636,-1074,-4557
2022-03-17,-80869,78906,1883,-1850,-26,3738,0,0,-282,303,456
2022-03-16,-49617,118879,-69305,-912,233,26040,0,0,-61688,-32978,125
2022-03-15,-292215,274900,27429,-1314,125,3799,0,0,-5806,30625,-5514
2022-03-14,-135534,140735,-3140,-1466,-951,-68,0,0,0,-655,-2802
2022-03-11,1562,-14771,11196,-7698,5,-9219,0,0,31723,-3615,2123
2022-03-10,-126601,83512,43578,13783,-314,32153,0,0,-1642,-402,-50
2022-03-08,-172176,174232,-1174,-657,0,-166,0,0,0,-351,-50
2022-03-07,-10927,10251,45,-482,0,-408,0,0,542,393,3887
2022-03-04,-156336,199063,-42110,-2741,0,0,0,0,-29952,-9417,-856
2022-03-03,-75510,77053,-1820,7536,-8879,288,0,0,-1429,664,579
2022-03-02,-99486,99891,-1051,-1113,0,0,0,0,197,-135,495
2022-02-28,-201622,179108,22953,-709,-1428,-18196,0,0,47040,-3754,-319
2022-02-25,109393,-101210,-8286,-3718,-611,-7809,0,0,5444,-1592,83
2022-02-24,-209123,177291,26772,6460,890,14641,0,0,4807,-26,4473
2022-02-23,-93419,97632,3519,579,-2,-1689,0,0,4344,287,-8234
2022-02-22,-91248,73027,31843,-4046,0,-10,0,0,35116,783,-12045
2022-02-21,19779,1533,-9396,1449,0,-7091,0,0,4914,-8668,-12557
2022-02-18,56145,-36077,-109,-197,-321,-932,0,0,1162,179,-21697
2022-02-17,-64952,27690,-4008,-1765,2695,-6473,0,0,3901,-2366,41487
2022-02-16,35792,-47637,-1798,-3639,9346,-20007,0,0,19842,-7340,14271
2022-02-15,-18554,13177,10506,-552,-1846,5372,0,-8000,15723,-191,-4430
2022-02-14,-88887,88682,2118,-8479,3908,-1558,0,0,8061,186,-608
2022-02-11,168109,-179556,8393,3108,0,-26964,0,-3000,33490,1759,7019
2022-02-10,-153867,174720,-30634,-209,4422,15643,0,356,21227,-72073,2800
2022-02-09,-18899,13228,-768,-1678,44,-15190,0,0,15247,809,5554
2022-02-08,197216,-173623,-33326,-9786,4730,-21924,0,0,54774,-61120,9736
2022-02-07,-30108,135218,-19069,-11837,1002,7039,0,-2990,778,-13061,-81065
2022-02-04,244896,-72545,-101832,2242,935,-4168,273,0,27939,-129053,-75469
2022-02-03,-288191,276775,104571,-20767,1116,62703,-50,-6000,70265,-2696,-95249
2022-01-28,-135752,129897,14132,4875,2680,-39756,0,0,17263,29070,-11455
2022-01-27,129623,-83759,-44108,7437,491,3818,0,0,13373,-69227,-391
2022-01-26,-221215,127332,105440,26031,2092,-2450,0,0,61939,17828,-11373
2022-01-25,-129099,86354,43608,2227,-522,5534,-26000,0,7683,54686,-816
2022-01-24,-43904,-148264,190652,1951,-163,3825,0,0,17352,167687,1401
2022-01-21,-83041,59158,25784,-648,-521,-24752,0,0,49654,2051,-1475
2022-01-20,-66927,59246,3922,-385,-1309,898,0,0,3841,877,3953
2022-01-19,19790,-1787,-27048,2200,-1042,-25315,0,0,-3205,314,9207
2022-01-18,-187966,153745,35150,-28041,923,9733,0,0,55317,-2782,-690
2022-01-17,-407,71726,-83125,-51758,1730,-39011,0,0,5401,513,10948
2022-01-14,18497,-56180,37684,1061,1,-6806,0,0,44682,-1254,-90
2022-01-13,88853,-87517,-12271,-2703,4330,-6350,0,0,152,-7700,11616
2022-01-12,-20702,6523,1240,-734,-1781,0,0,0,4669,-914,15091
2022-01-11,-101370,105473,-4545,-47,26,-3,0,0,1077,-5598,113
2022-01-10,4253,-18524,11911,-691,1250,0,0,0,4588,6764,1445
2022-01-07,-112404,81673,36977,-2081,-1,-3000,0,0,45823,-3764,-1768
2022-01-06,-92339,10727,65808,-1597,510,0,0,0,66336,559,15875
2022-01-05,-85582,36342,49776,124,59,133,0,0,68376,-18916,-440
2022-01-04,-238519,190895,48331,-2111,310,-287,0,0,49771,648,1752
2022-01-03,9803,-54038,44201,-6255,-7,10,0,0,59557,-9104,25
2021-12-30,-129259,79733,49914,-580,93,-196,0,0,50430,167,-705
2021-12-29,-67848,51092,16761,-603,-243,1910,0,0,15206,491,-70
2021-12-28,-41528,25086,20674,664,33,1084,0,0,18893,0,-4427
2021-12-27,-70376,-10065,87440,5760,2,2039,0,0,83552,-3913,-6563
2021-12-24,-115262,39894,75062,-963,-1696,-231,-15,-35,77919,83,67
2021-12-23,-91452,37044,56201,835,-1682,0,-428,0,66961,-9485,-2034
2021-12-22,-82626,20097,55267,-1664,-1605,-606,-20,-41,60703,-1500,7127
2021-12-21,-96706,17755,59279,-1332,-797,-914,0,0,59785,2537,21846
2021-12-20,-95788,9408,78520,265,208,73,0,0,79624,-1650,7860
2021-12-17,-97717,-2303,100007,-3462,776,78,0,0,117932,-15317,-22
2021-12-16,-250758,140184,115433,-108,-54,1289,0,0,114152,154,-4368
2021-12-15,-229362,154801,77299,835,-5,0,-1000,0,79104,-1635,-2677
2021-12-14,-58048,-19847,69537,-1662,-128,-1926,0,-5,72219,1039,6729
2021-12-13,-187820,89207,89479,-354,-899,2958,0,0,81595,6179,9336
2021-12-10,-46022,-38362,102041,-14630,6931,54831,0,0,57415,-2506,-19988
2021-12-09,2803,-10265,10590,-3078,-1085,2792,0,0,13315,-1354,-3305
2021-12-08,-147855,66566,94012,4412,-646,8609,0,0,84992,-3355,-12222
2021-12-07,-49274,-12723,64177,-947,-359,-9020,0,0,80262,-5759,802
2021-12-06,-206203,-4471,212330,1015,-490,-248,0,0,214555,-2502,-1771
2021-12-03,-64925,23454,40938,65361,-4724,-16374,0,0,-135,-3190,-145
2021-12-02,-23013,93309,-79519,1486,-2365,-24721,0,0,-14711,-39208,8816
2021-12-01,267440,-288,-268885,-7648,-25954,-70479,0,0,-25183,-139621,2297
2021-11-30,-353397,755286,-381967,-21565,-39931,73144,0,-7208,-81249,-305158,-19970
2021-11-29,227147,-248945,92155,-13921,-7486,-31720,0,-6000,-12291,163573,-22749
2021-11-26,-480257,59437,362383,-1257,28761,61047,-4500,6000,3230,269102,10206
2021-11-25,-150381,166078,-8328,155,-48,425,0,0,0,-8860,-7523
2021-11-24,-16924,5812,15183,4470,0,8144,0,0,23254,-20685,-3388
2021-11-23,-148832,67194,82702,87200,-1123,-24,0,0,-114,-3237,-495
2021-11-22,130362,-92442,-29317,-14118,-550,-5000,0,-8000,435,-2084,-8730
2021-11-19,-167569,185690,-15835,-985,-270,0,0,0,-731,-13849,-2077
2021-11-18,-116683,126118,-7725,2628,-250,-591,0,0,-3568,-5944,-1426
2021-11-17,-203256,220240,-17304,-235,-197,-328,-7682,-3000,3514,-9376,391
2021-11-16,-300038,363075,-49882,-2095,-63,-7429,-10208,0,-15600,-14487,-10533
2021-11-15,-347797,268737,83945,86445,36,3139,-309,4000,-204,-9162,-4098
2021-11-12,-705721,782438,-16917,33676,-6702,3907,-5710,7000,2372,-51460,-59580
2021-11-11,-364223,-63353,60358,100288,0,111,0,0,-41956,1915,367031
2021-11-10,-64747,63961,-590,1282,0,-546,0,0,493,-1819,1500
2021-11-09,-174473,155220,21651,38317,157,-10540,0,0,-3029,-3254,-1079
2021-11-08,44290,-4680,-44799,-10820,172,-5364,0,0,1852,-30639,4275
2021-11-05,-29521,41419,-11480,-1568,131,-3787,-1,0,-1041,-5214,-530
2021-11-04,19113,-25833,95,122,2496,-5480,0,0,5377,-2420,6583
2021-11-03,-124021,111616,12567,10903,6954,-12587,0,0,16680,-9383,-157
2021-11-02,-45383,48469,-1621,3548,-328,-5246,0,0,5652,-5247,-420
2021-11-01,3126,5061,-9521,1394,-55,-6934,-1000,0,8152,-11078,-422
2021-10-29,-16805,22674,-6751,-404,105,-700,0,0,255,-6007,736
2021-10-28,-68429,48649,19766,-1170,5492,-4240,0,0,24381,-4697,-135
2021-10-27,-31656,36799,-2748,-1386,-2,-500,0,0,0,-860,-2377
2021-10-26,-53597,54607,-1413,-181,-210,-1278,0,0,0,256,310
2021-10-25,40784,-3943,-29764,-14830,-32,-12557,0,0,-2345,0,-1017
2021-10-22,-29903,10991,11394,35126,-86,-14806,0,0,-1288,-7552,2054
2021-10-21,-42104,26194,16891,56995,-270,-35104,0,0,-2588,-2142,-90
2021-10-20,-11859,-13988,28982,64637,-159,-27280,0,0,-510,-7706,-50
2021-10-19,-69430,46438,23374,66119,0,-25380,-1008,0,0,-16357,-481
2021-10-18,-28689,105189,-75720,167318,521,-65754,0,0,796,-178601,560
2021-10-15,-55850,13989,44742,58174,-2225,-500,0,0,-6117,-4590,-2672
2021-10-14,-96442,30905,65855,74369,436,-9146,0,0,-60,256,-128
2021-10-13,-57170,-16816,73500,78945,-6223,0,0,0,2448,-1670,445
2021-10-12,-71531,27942,44604,44486,-151,-3938,0,0,3951,256,-948
2021-10-08,-60137,-19196,79426,69045,-437,0,0,0,15659,-4841,-333
2021-10-07,-65544,28963,36964,39087,884,0,0,0,-6746,3739,-146
2021-10-06,-83032,5799,77135,99101,1258,-6084,0,0,-4191,-12949,-642
2021-10-05,-1278,8587,-1590,24698,25,-2335,0,0,2446,-26424,-5862
2021-10-01,-78604,-23538,97835,97698,776,-3576,0,0,3000,-63,3057
2021-09-30,-62869,-16162,79864,79981,-62,-383,0,0,1419,-1091,-883
2021-09-29,-78872,44759,34786,49759,71,-3923,0,0,0,-11121,-885
2021-09-28,-65722,201,73605,91390,-1625,-2045,0,0,2595,-16710,-8335
2021-09-27,-101305,11108,96820,108455,-69,-1074,0,0,-5364,-5128,-6441
2021-09-24,-73189,-15943,104467,98799,1291,2053,0,0,24507,-22183,-12375
2021-09-23,-231160,242465,-2914,1403,769,-22,0,0,12256,-17320,-9089
2021-09-17,-130118,42783,85735,99407,-77,-13104,0,0,158,-649,548
2021-09-16,-38632,-55704,94257,104486,-98,-3490,0,426,-420,-6647,1051
2021-09-15,-336360,289343,44009,386,3781,1082,0,0,16812,21948,3674
2021-09-14,19062,-10616,-13090,1505,3047,3469,-8000,0,14265,-27376,4489
2021-09-13,70259,-86376,-13616,2579,-498,-25463,-1500,0,-19800,31066,26076
2021-09-10,12453,35914,-44761,-10495,-38,-18114,-270,0,-285,-15559,-3309
2021-09-09,35005,15870,-10717,-22011,2749,34543,30,0,3735,-29763,-40472
2021-09-08,160783,12311,-135837,-2196,103,-19923,100,0,-86571,-27350,-37784
2021-09-07,52392,11945,-7734,-3085,1594,-7271,0,0,2272,-1244,-55509
2021-09-06,3547,15440,-16977,-1303,-10013,-49,314,0,-2426,-3500,-2717
2021-09-03,39021,-10127,-22341,-744,913,-16153,-200,0,-6657,500,-7972
2021-09-02,169362,-1191,-66800,-25728,4164,-4854,-4212,0,-6006,-30164,-101650
2021-09-01,108991,23220,-67110,-7550,8266,-12061,-495,0,-46483,-8787,-63369
2021-08-31,136241,12009,-148927,-37548,11300,-45778,0,0,5437,-82338,-4494
2021-08-30,136380,-11738,-75447,-2730,726,-18717,-2000,0,94,-52820,-49024
2021-08-27,29859,25199,43115,1481,1186,9244,-7250,0,15108,23346,-103633
2021-08-26,33043,16464,2813,-6359,-3,-4029,0,0,-8659,21863,-52702
2021-08-25,74520,-1399,-22284,-1141,387,-20857,0,0,3432,-4105,-51655
2021-08-24,191278,55411,-80346,-5362,-4840,-25117,-2000,0,-20278,-22749,-165844
2021-08-23,107224,18135,-119262,-4759,-3161,-54050,-8363,0,-794,-48135,-5538
2021-08-20,162508,-12112,-179611,-31230,1311,-30444,0,0,7637,-126885,25870
2021-08-19,156262,47372,-130898,-19149,-7570,-39709,-5265,0,-5525,-53680,-73597
2021-08-18,240912,12618,-119129,-47757,-431,-13684,-265,0,-67882,10890,-135949
2021-08-17,455718,30195,-371561,-68605,3474,-101107,-5458,0,43966,-243831,-113399
2021-08-13,60591,81932,-62877,-13000,-39,571,0,0,-1961,-48448,-80074
2021-08-12,233181,44418,-177965,-1903,5871,-11326,0,0,8110,-178717,-97416
2021-08-11,140191,-30283,27627,-43716,8358,-10851,-2753,0,27565,49024,-138354
2021-08-10,-38621,92225,136840,43285,2833,18373,-4200,0,62513,14036,-193567
2021-08-09,-32395,17379,19907,-4083,-1074,2776,0,0,24285,-1997,-4448
2021-08-06,-27527,27045,6882,-3353,588,-17632,-3,0,5141,22141,-6267
2021-08-05,-14660,6455,20086,-2767,-2,524,0,0,8275,14056,-11930
2021-08-04,-46502,7845,28735,3905,-3,-800,0,0,1935,23698,10952
2021-08-03,-195814,170780,25846,-7769,-84,1455,0,0,8400,23844,222
2021-08-02,170179,-3170,-169295,-29463,319,-28862,-300,0,3912,-114901,1677
2021-07-30,80437,1761,-21528,-36212,-1690,1371,-2500,0,16629,874,-61999
2021-07-29,79812,-818,8345,-3653,1281,1006,0,0,13856,-4145,-88130
2021-07-28,129543,-36342,-37293,1392,-5,-1985,-200,0,5001,-41496,-57049
2021-07-27,77750,-2321,-31884,-4421,-2,-10,0,0,1685,-29136,-43931
2021-07-26,92498,-7418,43777,16713,-2,20385,-3900,0,7499,3082,-128221
2021-07-23,22235,74238,79080,5235,2243,-10449,-900,0,39682,43269,-176800
2021-07-22,289741,3531,-228147,-12768,-7246,-65469,-11947,0,28811,-159528,-67286
2021-07-21,-18837,44997,-18810,-11532,1129,-26225,159,0,40012,-22353,-8530
2021-07-20,93911,17875,78641,7050,12357,29801,-1450,0,40953,-10070,-189657
2021-07-19,891273,-7174,-63133,-37735,4014,-1060,-13200,-3500,62099,-73751,-819328
2021-07-16,3000711,-552781,-2152830,-571041,-33229,-501158,-369022,-35500,550560,-1193440,-303164
