,Code,Name,Delisted,Kospi
0,000010,조흥은행,1,1
1,000020,동화약품,0,1
2,000030,한빛은행,1,1
3,000030,우리은행,1,1
4,000040,KR모터스,0,1
5,000050,경방,0,1
6,000060,메리츠화재,1,1
7,000070,삼양홀딩스,0,1
8,000075,삼양홀딩스우,0,1
9,000080,하이트진로,0,1
10,000085,진로(1우),1,1
11,000087,하이트진로2우B,0,1
12,000090,두산상사,1,1
13,000100,유한양행,0,1
14,000105,유한양행우,0,1
15,000107,유한양행(2우B),1,1
16,000110,제일은행,1,1
17,000120,CJ대한통운,0,1
18,000130,한일은행,1,1
19,000140,하이트진로홀딩스,0,1
20,000145,하이트진로홀딩스우,0,1
21,000147,하이트맥주(2우B),1,1
22,000149,하이트맥주(3우B),1,1
23,000150,두산,0,1
24,000155,두산우,0,1
25,000157,두산2우B,0,1
26,000160,대한중석,1,1
27,000170,LG금속,1,1
28,000180,성창기업지주,0,1
29,000200,대우중공업,1,1
30,000205,대우중공업(1우),1,1
31,000210,DL,0,1
32,000215,DL우,0,1
33,000220,유유제약,0,1
34,000225,유유제약1우,0,1
35,000227,유유제약2우B,0,1
36,000230,일동홀딩스,0,1
37,000240,한국앤컴퍼니,0,1
38,000250,삼천당제약,0,0
39,000270,기아,0,1
40,000280,동아건설,1,1
41,000300,대유플러스,0,1
42,000305,삼선공업(1우),1,1
43,000310,해태제과,1,1
44,000315,해태제과(1우),1,1
45,000317,해태제과(2우B),1,1
46,000320,노루홀딩스,0,1
47,000325,노루홀딩스우,0,1
48,000327,노루홀딩스2우B,1,1
49,000330,두산백화,1,1
50,000360,삼환기업,1,1
51,000365,삼환기업우,1,1
52,000370,한화손해보험,0,1
53,000380,대아건설,1,0
54,000390,삼화페인트,0,1
55,000400,롯데손해보험,0,1
56,000420,로케트전기,1,1
57,000425,로케트전우,1,1
58,000430,대원강업,0,1
59,000440,중앙에너비스,0,0
60,000450,한주통산,1,1
61,000470,그린손해보험,1,1
62,000475,국제화재(1우),1,1
63,000480,조선내화,0,1
64,000490,대동,0,1
65,000500,가온전선,0,1
66,000510,태    화,1,1
67,000520,삼일제약,0,1
68,000530,대한제지,1,0
69,000540,흥국화재,0,1
70,000545,흥국화재우,0,1
71,000547,흥국화재2우B,0,1
72,000550,삼덕제지,1,0
73,000570,금호건설,1,1
74,000590,CS홀딩스,0,1
75,000600,삼화실업,1,0
76,000610,제일화재,1,1
77,000640,동아쏘시오홀딩스,0,1
78,000650,천일고속,0,1
79,000660,SK하이닉스,0,1
80,000670,영풍,0,1
81,000680,LS네트웍스,0,1
82,000685,LS네트웍스우,1,1
83,000687,LS네트웍스전환상환2우B,1,1
84,000700,유수홀딩스,0,1
85,000720,현대건설,0,1
86,000725,현대건설우,0,1
87,000730,서울교통,1,1
88,000760,이화산업,0,1
89,000790,C&상선,1,1
90,000800,경남기업,1,1
91,000805,경남기업(1우B),1,1
92,000810,삼성화재,0,1
93,000815,삼성화재우,0,1
94,000830,삼성물산,1,1
95,000835,삼성물산우,1,1
96,000840,한국벨트,1,1
97,000850,화천기공,0,1
98,000860,강남제비스코,0,1
99,000870,전진산업,1,0
100,000880,한화,0,1
101,000885,한화우,0,1
102,000887,한화(2우B),1,1
103,00088K,한화3우B,0,1
104,000890,보해양조,0,1
105,000895,보해양조우,1,1
106,000900,강원산업,1,1
107,000905,강원산업(1우),1,1
108,000910,유니온,0,1
109,000930,한화기계,1,1
110,000950,전방,0,1
111,000970,한국주철관,0,1
112,000980,극동건설,1,1
113,000985,극동건설(1우),1,1
114,000990,DB하이텍,0,1
115,000995,DB하이텍1우,0,1
116,000997,동부하이텍2우B,1,1
117,001000,신라섬유,0,0
118,001020,페이퍼코리아,0,1
119,001030,리젠트화재,1,1
120,001035,리젠트화재(1우B),1,1
121,001040,CJ,0,1
122,001045,CJ우,0,1
123,001047,CJ2우B,1,1
124,001049,CJ3우B,1,1
125,00104K,CJ4우(전환),0,1
126,001060,JW중외제약,0,1
127,001065,JW중외제약우,0,1
128,001067,JW중외제약2우B,0,1
129,001070,대한방직,0,1
130,001080,만호제강,0,1
131,001090,동서증권,1,1
132,001095,동서증권(1우),1,1
133,001100,동양정밀공업,1,1
134,001105,동양정밀공업우,1,1
135,001110,대농,1,1
136,001120,LX인터내셔널,0,1
137,001130,대한제분,0,1
138,001140,국보,0,1
139,001150,서통,1,1
140,001155,서통(1우),1,1
141,001160,신원제이엠씨,1,1
142,001170,장은증권,1,1
143,001190,마이크로닉스,1,1
144,001200,유진투자증권,0,1
145,001210,금호전기,0,1
146,001230,동국제강,0,1
147,001250,GS글로벌,0,1
148,001260,남광토건,0,1
149,001265,남광토건(1우B),1,1
150,001270,부국증권,0,1
151,001275,부국증권우,0,1
152,001280,우리증권,1,1
153,001290,상상인증권,0,1
154,001295,대유리젠트증권(1우),1,1
155,001300,제일모직,1,1
156,001310,풍림산업,1,1
157,001340,백광산업,0,1
158,001350,대한모방,1,1
159,001360,삼성제약,0,1
160,001370,FnC코오롱,1,1
161,001375,FnC코오롱우,1,1
162,001380,SG글로벌,0,1
163,001385,SG충남방적우,1,1
164,001390,KG케미칼,0,1
165,001400,동산씨앤지,1,1
166,001420,태원물산,0,1
167,001430,세아베스틸지주,0,1
168,001440,대한전선,0,1
169,001450,현대해상,0,1
170,001460,BYC,0,1
171,001465,BYC우,0,1
172,001470,삼부토건,0,1
173,001490,천지산업,1,1
174,001500,현대차증권,0,1
175,001510,SK증권,0,1
176,001515,SK증권우,0,1
177,001520,동양,0,1
178,001525,동양우,0,1
179,001527,동양2우B,0,1
180,001529,동양3우B,1,1
181,001530,DI동일,0,1
182,001540,안국약품,0,0
183,001550,조비,0,1
184,001560,제일연마,0,1
185,001570,금양,0,1
186,001580,신광기업,1,1
187,001590,일화모직,1,1
188,001600,서광건설,1,1
189,001610,두산종합식품,1,1
190,001615,두산종합식품(1우),1,1
191,001620,케이비아이동국실업,0,1
192,001630,종근당홀딩스,0,1
193,001670,경남모직,1,1
194,001675,경남모직(1우),1,1
195,001680,대상,0,1
196,001685,대상우,0,1
197,001687,대상2우B,1,1
198,001689,대상3우B,1,1
199,001690,두산테크팩,1,1
200,001695,두산테크팩(1우),1,1
201,001697,두산테크팩(2우B),1,1
202,001700,공영토건,1,1
203,001720,신영증권,0,1
204,001725,신영증권우,0,1
205,001740,SK네트웍스,0,1
206,001745,SK네트웍스우,0,1
207,001750,한양증권,0,1
208,001755,한양증권우,0,1
209,001757,한양증권2우,1,1
210,001770,SHD,0,1
211,001780,알루코,0,1
212,001785,동양강철(1우),1,1
213,001787,동양강철(2우B),1,1
214,001790,대한제당,0,1
215,001795,대한제당우,0,1
216,001797,대한제당(2우B),1,1
217,001799,대한제당3우B,1,1
218,001800,오리온홀딩스,0,1
219,001810,무림SP,0,0
220,001820,삼화콘덴서,0,1
221,001830,동부일렉트로닉스,1,1
222,001835,동부일렉트로닉스(1우B),1,1
223,001837,동부일렉트로닉스(2우B),1,1
224,001840,이화공영,0,0
225,001850,임광토건,1,0
226,001880,DL건설,0,1
227,001890,영창악기,1,1
228,001910,영일화학공업,1,0
229,001920,한보철강,1,1
230,001930,효성물산,1,1
231,001940,KISCO홀딩스,0,1
232,001950,남한제지,1,1
233,001955,남한제지우,1,1
234,001970,신성건설,1,1
235,001975,신성건설우,1,1
236,001980,대호,1,1
237,001990,자유건설,1,0
238,002000,한국유리,1,1
239,002005,한국유리우,1,1
240,002010,삼성건설,1,1
241,002015,삼성건설(1우),1,1
242,002020,코오롱,0,1
243,002025,코오롱우,0,1
244,002027,코오롱2우B,1,1
245,002030,아세아,0,1
246,002050,경향건설,1,1
247,002055,경향건설(1우),1,1
248,002070,비비안,0,1
249,002080,벽산개발,1,1
250,002100,경농,0,1
251,002105,경농(1우),1,1
252,002130,피어리스,1,1
253,002140,고려산업,0,1
254,002150,도화엔지니어링,0,1
255,002170,삼양통상,0,1
256,002180,삼익건설,1,1
257,002190,우주종합건설,1,0
258,002200,한국수출포장,0,1
259,002210,동성제약,0,1
260,002220,한일철강,0,1
261,002230,피에스텍,0,0
262,002240,고려제강,0,1
263,002250,알보젠코리아,1,1
264,002255,근화제약(1우),1,1
265,002257,근화제약(2우B),1,1
266,002270,롯데푸드,1,1
267,002290,삼일기업공사,0,0
268,002300,한국제지,1,1
269,002310,아세아제지,0,1
270,002320,한진,0,1
271,002340,유    성,1,1
272,002350,넥센타이어,0,1
273,002355,넥센타이어1우B,0,1
274,002360,SH에너지화학,0,1
275,002365,SH에너지화학우,1,1
276,002380,KCC,0,1
277,002390,한독,0,1
278,002410,범양건영,0,1
279,002420,세기상사,0,1
280,002440,미    원,1,1
281,002445,미    원(1우),1,1
282,002450,삼익악기,0,1
283,002455,삼익악기(1우),1,1
284,002460,화성산업,0,1
285,002465,화성산업우,1,1
286,002467,화성산업2우,1,1
287,002469,화성산업3우,1,1
288,00246A,화성산업4우,1,1
289,002470,동성,1,1
290,002480,범양사,1,0
291,002530,벽산건설,1,1
292,002535,벽산건설우,1,1
293,002540,고제,1,1
294,002550,KB손해보험,1,1
295,002580,삼미,1,1
296,002585,삼미(1우),1,1
297,002600,조흥,0,1
298,002610,LGEI,1,1
299,002615,LGEI(1우),1,1
300,002620,제일파마홀딩스,0,1
301,002630,오리엔트바이오,0,1
302,002670,미주제강,1,0
303,002671,미주제강1신,1,0
304,002680,한탑,0,0
305,002690,동일제강,0,1
306,002700,신일전자,0,1
307,002710,TCC스틸,0,1
308,002720,국제약품,0,1
309,002730,고려증권,1,1
310,002735,고려증권(1우),1,1
311,002740,동양화학,1,1
312,002745,동양화학(1우),1,1
313,002750,피죤,1,0
314,002760,보락,0,1
315,002780,진흥기업,0,1
316,002785,진흥기업우B,0,1
317,002787,진흥기업2우B,0,1
318,002790,아모레G,0,1
319,002795,아모레G우,0,1
320,002797,아모레G2우B,1,1
321,00279K,아모레G3우(전환),0,1
322,002800,신신제약,0,0
323,002810,삼영무역,0,1
324,002820,SUN&L,0,1
325,002830,삼능건설,1,0
326,002840,미원상사,0,1
327,002850,영풍산업,1,1
328,002855,영풍산업(1우),1,1
329,002857,영풍산업(2우B),1,1
330,002860,하나은행,1,1
331,002870,신풍,0,1
332,002880,대유에이텍,0,1
333,002900,TYM,0,1
334,002910,진성레미컨,1,1
335,002920,유성기업,0,1
336,002930,삼도물산,1,1
337,002935,삼도물산(1우),1,1
338,002940,경동산업,1,1
339,002950,두산건설,1,1
340,002955,두산건설(1우),1,1
341,002957,두산건설(2우B),1,1
342,002960,한국쉘석유,0,1
343,002990,금호건설,0,1
344,002995,금호건설우,0,1
345,003000,부광약품,0,1
346,003010,혜인,0,1
347,003020,남양,1,1
348,003030,세아제강지주,0,1
349,003040,한일약품,1,1
350,003050,넥상스코리아,1,1
351,003060,에이프로젠바이오로직스,0,1
352,003070,코오롱글로벌,0,1
353,003075,코오롱글로벌우,0,1
354,003079,코오롱건설(3우B),1,1
355,003080,성보화학,0,1
356,003090,대웅,0,1
357,003100,선광,0,0
358,003110,대일화학,1,1
359,003120,일성신약,0,1
360,003160,디아이,0,1
361,003190,알앤엘바이오,1,1
362,003200,일신방직,0,1
363,003220,대원제약,0,1
364,003230,삼양식품,0,1
365,003240,태광산업,0,1
366,003260,서광,1,1
367,003280,흥아해운,0,1
368,003290,엔케이텔레콤,1,1
369,003300,한일홀딩스,0,1
370,003310,대주산업,0,0
371,003320,신한증권,1,1
372,003330,하나증권,1,1
373,003335,하나증권(1우),1,1
374,003350,한국화장품제조,0,1
375,003380,하림지주,0,0
376,003400,삼성신약,1,1
377,003410,쌍용C&E,0,1
378,003415,쌍용양회우,1,1
379,003417,쌍용양회2우B,1,1
380,003419,쌍용양회3우B,1,1
381,00341A,쌍용양회4우B,1,1
382,00341D,쌍용양회5우B,1,1
383,003430,유진화학,1,0
384,003450,현대증권,1,1
385,003457,현대증권2우B,1,1
386,003460,유화증권,0,1
387,003465,유화증권우,0,1
388,003470,유안타증권,0,1
389,003475,유안타증권우,0,1
390,003480,한진중공업홀딩스,0,1
391,003490,대한항공,0,1
392,003495,대한항공우,0,1
393,003497,대한항공(2우B),1,1
394,003500,삼진화학,1,1
395,003520,영진약품,0,1
396,003530,한화투자증권,0,1
397,003535,한화투자증권우,0,1
398,003540,대신증권,0,1
399,003545,대신증권우,0,1
400,003547,대신증권2우B,0,1
401,003550,LG,0,1
402,003555,LG우,0,1
403,003560,IHQ,0,1
404,003570,SNT다이내믹스,0,1
405,003580,HLB글로벌,0,1
406,003590,광덕물산,1,1
407,003595,광덕물산(1우B),1,1
408,003600,SK,1,1
409,003605,SK우,1,1
410,003610,방림,0,1
411,003620,KG모빌리티,0,1
412,003640,유니온스틸,1,1
413,003650,미창석유,0,1
414,003660,고려시멘트,1,1
415,003665,고려시멘트(1우),1,1
416,003670,포스코퓨처엠,0,1
417,003680,한성기업,0,1
418,003690,코리안리,0,1
419,003700,비락,1,0
420,003701,비락1신,1,0
421,003720,삼영,0,1
422,003780,진양산업,0,1
423,003800,에이스침대,0,0
424,003810,대우,1,1
425,003830,대한화섬,0,1
426,003840,중    원,1,1
427,003850,보령,0,1
428,003860,성담,1,0
429,003890,삼일공사,1,0
430,003900,해태유업,1,1
431,003905,해태유업(1우),1,1
432,003920,남양유업,0,1
433,003925,남양유업우,0,1
434,003930,부흥,1,1
435,003940,삼양제넥스,1,1
436,003945,삼양제넥우,1,1
437,003960,사조대림,0,1
438,003965,사조대림우,1,1
439,003970,동부산업,1,1
440,003975,동부산업(1우),1,1
441,003980,한일합섬,1,1
442,003985,한일합섬(1우),1,1
443,003990,BHK,1,1
444,004000,롯데정밀화학,0,1
445,004010,롯데미도파,1,1
446,004020,현대제철,0,1
447,004025,현대제철 1우B,1,1
448,004060,SG세계물산,0,1
449,004080,신흥,0,1
450,004090,한국석유,0,1
451,004100,태양금속,0,1
452,004105,태양금속우,0,1
453,004110,대선주조,1,1
454,004130,대덕GDS,1,1
455,004135,대덕GDS우,1,1
456,004137,대덕GDS2우B,1,1
457,004140,동방,0,1
458,004145,동방(1우B),1,1
459,004147,동방전환상환2우B,1,1
460,004149,동방전환상환3우B,1,1
461,004150,한솔홀딩스,0,1
462,004155,한솔제지(1우),1,1
463,004170,신세계,0,1
464,004175,신세계(1우B),1,1
465,004190,스마텔,1,1
466,004200,고려개발,1,1
467,004210,한일방직,1,1
468,004230,세신,1,1
469,004250,NPC,0,1
470,004255,NPC우,0,1
471,004260,대성자원,1,1
472,004270,남성,0,1
473,004280,아시아차,1,1
474,004290,아이케이,1,1
475,004295,아이케이(1우),1,1
476,004310,현대약품,0,1
477,004320,울트라건설,1,0
478,004321,유원건설1신,1,0
479,004325,울트라건설우,1,0
480,004330,진영산업,1,1
481,004350,한일양행의약품,1,1
482,004360,세방,0,1
483,004365,세방우,0,1
484,004367,세방2우B,1,1
485,004370,농심,0,1
486,004380,삼익THK,0,1
487,004390,오리온전기,1,1
488,004410,서울식품,0,1
489,004415,서울식품우,0,1
490,004420,동국무역,1,1
491,004430,송원산업,0,1
492,004440,삼일씨엔에스,0,1
493,004450,삼화왕관,0,1
494,004460,고합,1,1
495,004465,고합(1우),1,1
496,004480,동방전자산업,1,0
497,004481,동방전자산업1신,1,0
498,004490,세방전지,0,1
499,004510,디와이홀딩스,1,1
500,004510,동양에레베이터,1,1
501,004520,삼호건설,1,0
502,004530,SY,1,1
503,004540,깨끗한나라,0,1
504,004545,깨끗한나라우,0,1
505,004550,대우송도개발,1,1
506,004555,대우송도개발1우,1,1
507,004560,현대비앤지스틸,0,1
508,004565,현대비앤지스틸우,0,1
509,004590,한국가구,0,0
510,004600,두산음료,1,1
511,004605,두산음료(1우),1,1
512,004610,성화,1,1
513,004620,캠브리지코오롱,1,1
514,004650,창해에탄올,0,0
515,004660,신동방CP,1,1
516,004690,삼천리,0,1
517,004700,조광피혁,0,1
518,004710,한솔테크닉스,0,1
519,004720,팜젠사이언스,0,1
520,004730,진로식품,1,1
521,004735,진로식품(1우),1,1
522,004740,보루네오,1,1
523,004750,삼우인다스트리얼,1,0
524,004770,써니전자,0,1
525,004780,대륙제관,0,0
526,004790,렉스엘이앤지,1,0
527,004791,기륭전자1신,1,0
528,004800,효성,0,1
529,004820,조인에너지,1,1
530,004830,덕성,0,1
531,004835,덕성우,0,1
532,004837,덕성(2우B),1,1
533,004840,DRB동일,0,1
534,004870,티웨이홀딩스,0,1
535,004890,동일산업,0,1
536,004910,조광페인트,0,1
537,004920,씨아이테크,0,1
538,004940,외환은행,1,1
539,004945,외환은행(1우B),1,1
540,004947,외환은행(2우B),1,1
541,004960,한신공영,0,1
542,004965,한신공영우,1,1
543,004970,신라교역,0,1
544,004980,성신양회,0,1
545,004985,성신양회우,0,1
546,004987,성신양회2우B,1,1
547,004989,성신양회3우B,1,1
548,004990,롯데지주,0,1
549,00499K,롯데지주우,0,1
550,005000,남선물산,1,1
551,005010,휴스틸,0,1
552,005015,한국강관(1우),1,1
553,005020,장기은행,1,1
554,005030,부산주공,0,1
555,005040,두산기계,1,1
556,005060,대우통신,1,1
557,005070,코스모신소재,0,1
558,005090,SGC에너지,0,1
559,005100,쌍용제지,1,1
560,005105,쌍용제지(1우),1,1
561,005110,한창,0,1
562,005160,동국산업,0,0
563,005180,빙그레,0,1
564,005190,동성화학,1,1
565,005250,녹십자홀딩스,0,1
566,005255,녹십자홀딩스1우,1,1
567,005257,녹십자홀딩스2우,0,1
568,005270,대구은행,1,1
569,005280,부산은행,1,1
570,005290,동진쎄미켐,0,0
571,005300,롯데칠성,0,1
572,005305,롯데칠성우,0,1
573,005320,국동,0,1
574,005321,국동1신,1,0
575,005330,카스코,1,1
576,005350,봉신,1,1
577,005360,모나미,0,1
578,005370,원진,1,0
579,005371,원진1신,1,0
580,005380,현대차,0,1
581,005385,현대차우,0,1
582,005387,현대차2우B,0,1
583,005389,현대차3우B,0,1
584,005390,신성통상,0,1
585,005410,신광산업,1,1
586,005420,코스모화학,0,1
587,005430,한국공항,0,1
588,005440,현대지에프홀딩스,0,1
589,005450,신한,1,1
590,005470,한국염공,1,0
591,005490,POSCO홀딩스,0,1
592,005500,삼진제약,0,1
593,005510,충청은행,1,1
594,005560,진로산업,1,1
595,005560,JS전선,1,1
596,005580,삼익주택,1,1
597,005600,중앙제지,1,1
598,005605,중앙제지(1우B),1,1
599,005610,SPC삼립,0,1
600,005620,대성합동지주,1,1
601,005650,단암산업,1,0
602,005660,한진건설,1,1
603,005670,푸드웰,0,0
604,005671,협성농산1신,1,0
605,005672,협성농산2신,1,0
606,005680,삼영전자,0,1
607,005690,파미셀,0,1
608,005710,대원산업,0,0
609,005720,넥센,0,1
610,005725,넥센우,0,1
611,005740,크라운해태홀딩스,0,1
612,005745,크라운해태홀딩스우,0,1
613,005750,대림B&Co,0,1
614,005760,위너스인프라인,1,1
615,005770,광주은행,1,1
616,005790,만도기계,1,1
617,005795,만도기계(1우),1,1
618,005797,만도기계(2우B),1,1
619,005800,신영와코루,0,1
620,005810,풍산홀딩스,0,1
621,005820,원림,0,1
622,005830,DB손해보험,0,1
623,005850,에스엘,0,1
624,005860,한일사료,0,0
625,005870,휴니드,0,1
626,005880,대한해운,0,1
627,005890,동원증권,1,1
628,005895,동원증권(1우),1,1
629,005897,동원증권(2우B),1,1
630,005900,동양건설,1,1
631,005930,삼성전자,0,1
632,005935,삼성전자우,0,1
633,005940,NH투자증권,0,1
634,005945,NH투자증권우,0,1
635,005950,이수화학,0,1
636,005960,동부건설,0,1
637,005965,동부건설우,0,1
638,005980,성지건설,1,1
639,005990,매일홀딩스,0,0
640,006000,남송개발,1,0
641,006040,동원산업,0,1
642,006050,국영지앤엠,0,0
643,006051,국영글라스1신,1,0
644,006060,화승인더,0,1
645,006070,기린,1,1
646,006090,사조오양,0,1
647,006110,삼아알미늄,0,1
648,006120,SK디스커버리,0,1
649,006125,SK디스커버리우,0,1
650,006140,피제이전자,0,0
651,006150,한메NS,1,1
652,006160,신화건설,1,1
653,006165,신화건설(1우),1,1
654,006200,한국전자홀딩스,0,1
655,006210,휴리프,1,1
656,006220,제주은행,0,1
657,006240,진도물산,1,1
658,006250,극동전선,1,1
659,006260,LS,0,1
660,006270,금성통신,1,1
661,006275,금성통신우,1,1
662,006280,녹십자,0,1
663,006290,인천정유,1,1
664,006295,인천정유(1우),1,1
665,006300,대전신금,1,0
666,006301,대전신금1신,1,0
667,006301,대전상호신용금고1신,1,0
668,006302,대전신금2신,1,0
669,006320,경기은행,1,1
670,006340,대원전선,0,1
671,006345,대원전선우,0,1
672,006347,대원전선(2우B),1,1
673,006350,전북은행,1,1
674,006360,GS건설,0,1
675,006370,대구백화점,0,1
676,006375,대구백화우,1,1
677,006380,카프로,0,1
678,006390,한일현대시멘트,0,1
679,006400,삼성SDI,0,1
680,006405,삼성SDI우,0,1
681,006440,한일건설,1,1
682,006445,한일건설(1우B),1,1
683,006490,인스코비,0,1
684,006510,인    켈,1,1
685,006515,인    켈(1우),1,1
686,006520,형진건설,1,0
687,006540,한국상호신용금고,1,0
688,006570,대림통상,0,1
689,006580,대양제지,0,0
690,006590,강원은행,1,1
691,006600,동신제약,1,1
692,006605,동신제약(1우),1,1
693,006610,경남은행,1,1
694,006620,동구바이오제약,0,0
695,006650,대한유화,0,1
696,006660,삼성공조,0,1
697,006730,서부T&D,0,0
698,006740,영풍제지,0,1
699,006750,센추리,1,1
700,006790,대상교역,1,1
701,006800,미래에셋증권,0,1
702,006805,미래에셋증권우,0,1
703,00680K,미래에셋증권2우B,0,1
704,006840,AK홀딩스,0,1
705,006860,혜성테푸공업,1,0
706,006880,신송홀딩스,0,1
707,006890,태경케미컬,0,1
708,006891,태경화학1신,1,0
709,006892,태경화학2신,1,0
710,006893,태경화학3신,1,0
711,006900,요업개발,1,1
712,006910,보성파워텍,0,0
713,006911,보성파워텍1신,1,0
714,006920,모헨즈,0,0
715,006921,모헨즈1신,1,0
716,006980,우성,0,1
717,007000,한주전자,1,1
718,007020,캡스,1,0
719,007021,한국보안공사1신,1,0
720,007022,한국보안공사2신,1,0
721,007050,유리이에스,1,1
722,007070,GS리테일,0,1
723,007090,대동신금,1,0
724,007091,대동신금1,1,0
725,007100,호남식품,1,1
726,007110,일신석재,0,1
727,007120,미래아이앤지,0,1
728,007121,국제전자공업1신,1,0
729,007140,강남화성,1,0
730,007150,동양텔레콤,1,0
731,007160,사조산업,0,1
732,007170,기아차판매,1,1
733,007190,한솔아트원제지,1,1
734,007195,한솔아트원제지우,1,1
735,007197,한솔아트원제지2우B,1,1
736,007200,진흥저축은행,1,1
737,007210,벽산,0,1
738,007230,금성기전,1,1
739,007240,충북은행,1,1
740,007260,동화상호신용금고,1,0
741,007280,한국특강,0,1
742,007310,오뚜기,0,1
743,007330,푸른저축은행,0,0
744,007340,DN오토모티브,0,1
745,007360,하나은행,1,1
746,007365,하나은행(1우B),1,1
747,007367,하나은행(2우B),1,1
748,007369,하나은행(3우B),1,1
749,00736A,하나은행(4우B),1,1
750,00736B,하나은행(5우B),1,1
751,00736C,하나은행(6우B),1,1
752,00736D,하나은행(7우B),1,1
753,00736E,하나은행(8우B),1,1
754,007370,진양제약,0,0
755,007380,고합물산,1,1
756,007390,네이처셀,0,0
757,007391,동보중공업1,1,0
758,007410,대우전자,1,1
759,007420,해동금고,1,1
760,007460,에이프로젠,0,1
761,007480,대한은박지,1,1
762,007490,태창기업,1,1
763,007530,와이엠,0,0
764,007531,영신금속1,1,0
765,007540,샘표,0,1
766,007560,한국코인,1,0
767,007570,일양약품,0,1
768,007575,일양약품우,0,1
769,007590,동방아그로,0,1
770,007595,동방아그우,1,1
771,007610,선도전기,0,1
772,007630,폴루스바이오팜,1,1
773,007640,HK저축은행,1,0
774,007641,한솔신금1,1,0
775,007660,이수페타시스,0,1
776,007680,대원,0,0
777,007690,국도화학,0,1
778,007700,F&F홀딩스,0,1
779,007720,대명소노시즌,0,0
780,007721,국제종건1,1,0
781,007770,한일화학,0,0
782,007790,금하방직,1,1
783,007800,동양상호신용금고,1,1
784,007800,솔로몬저축은행,1,1
785,007801,동양상호신용금고1신,1,0
786,007810,코리아써키트,0,1
787,007815,코리아써우,0,1
788,00781K,코리아써키트2우B,0,1
789,007820,에스엠코어,0,0
790,007830,부산저축은행,1,0
791,007840,한국협화화학공업,1,0
792,007850,한국화이바,1,0
793,007860,서연,0,1
794,007910,세원화성,1,1
795,007930,대신석유,1,0
796,007980,태평양물산,0,1
797,007990,신중앙상호신용금고,1,0
798,008000,도레이케미칼,1,1
799,008010,삼협개발,1,0
800,008020,경남에너지,1,1
801,008030,아이텍스필,1,0
802,008040,사조동아원,0,1
803,008050,경북상호신용금고,1,0
804,008051,경북상호신용금고1신,1,0
805,008060,대덕,0,1
806,00806K,대덕1우,0,1
807,008080,에스와이코퍼레이션,1,1
808,008100,거성산업,1,1
809,008105,거성산업(1우),1,1
810,008110,대동전자,0,1
811,008120,모토조이,1,1
812,008160,보람상호신용금고,1,0
813,008170,서은상호신용금고,1,0
814,008190,신호전자,1,1
815,008250,이건산업,0,1
816,008260,NI스틸,0,1
817,008270,산은캐피탈,1,1
818,008290,원풍물산,0,0
819,008320,한국기술산업,1,1
820,008330,동미전기공업,1,0
821,008340,코레스,1,0
822,008350,남선알미늄,0,1
823,008355,남선알미우,0,1
824,008370,원풍,0,0
825,008371,원풍1신,1,0
826,008371,원풍1,1,0
827,008400,C&중공업,1,1
828,008405,C&중공업우,1,1
829,008410,동방상호신용금고,1,0
830,008420,문배철강,0,1
831,008430,성보섬유(장외),1,0
832,008440,아이넥스,1,1
833,008470,부스타,0,0
834,008480,KEP전자,1,1
835,008485,KEP전자(1우B),1,1
836,008490,서흥,0,1
837,008500,일정실업,0,1
838,008530,일은증권,1,1
839,008540,케이비물산,1,1
840,008560,메리츠증권,1,1
841,008580,대성전기,1,0
842,008581,대성전기1신,1,0
843,008600,윌비스,0,1
844,008640,우성건설,1,1
845,008650,신한전자,1,1
846,008670,굿모닝신한증권,1,1
847,008675,굿모닝신한증권(1우),1,1
848,008680,남신,1,0
849,008690,한양,1,1
850,008700,아남전자,0,1
851,008705,아남전자우,1,1
852,008720,삼양엔텍,1,1
853,008730,율촌화학,0,1
854,008750,범양식품,1,1
855,008770,호텔신라,0,1
856,008775,호텔신라우,0,1
857,008780,i 인프라,1,0
858,008800,행남사,1,0
859,008810,LG종금,1,1
860,008830,대동기어,0,0
861,008860,한영전자,1,0
862,008870,금비,0,1
863,008890,보람은행,1,1
864,008895,보람은행(1우),1,1
865,008900,티이씨앤코,1,1
866,008920,삼천전기,1,0
867,008921,삼천전기1신,1,0
868,008930,한미사이언스,0,1
869,008950,동부화학,1,1
870,008960,경북콘크리트,1,0
871,008970,동양철관,0,1
872,008975,동양철관우,1,1
873,008980,동양현대종금,1,1
874,008985,동양현대종금(1우),1,1
875,008990,중앙종금,1,1
876,009010,에듀언스,1,0
877,009011,세화1신,1,0
878,009030,대한종금,1,1
879,009035,대한종금(1우),1,1
880,009037,대한종금(2우B),1,1
881,009050,대한알미늄,1,1
882,009070,KCTC,0,1
883,009080,퍼시픽글라스,1,1
884,009085,퍼시픽글라스(1우),1,1
885,009140,경인전자,0,1
886,009150,삼성전기,0,1
887,009155,삼성전기우,0,1
888,009160,SIMPAC,0,1
889,009180,한솔로지스틱스,0,1
890,009190,대양금속,0,1
891,009200,무림페이퍼,0,1
892,009220,그로웰전자,1,0
893,009221,경방기계1신,1,0
894,009240,한샘,0,1
895,009270,신원,0,1
896,009275,신원우,1,1
897,009280,다함이텍,1,1
898,009290,광동제약,0,1
899,009300,삼아제약,0,0
900,009310,참엔지니어링,0,1
901,009320,대우부품,0,1
902,009330,삼애인더스,1,1
903,009335,삼애인더스(1우B),1,1
904,009337,삼애인더스(2우B),1,1
905,009360,베네데스하이텍,1,1
906,009380,아세아페이퍼텍,1,1
907,009385,아세아페우B,1,1
908,009400,케이와이씨,1,1
909,009410,태영건설,0,1
910,009415,태영건설우,0,1
911,009420,한올바이오파마,0,1
912,009440,KC그린홀딩스,0,1
913,009450,경동나비엔,0,1
914,009460,한창제지,0,1
915,009470,삼화전기,0,1
916,009520,포스코엠텍,0,0
917,009540,HD한국조선해양,0,1
918,009580,무림P&P,0,1
919,009590,경동,1,0
920,009620,삼보산업,0,0
921,009650,현대차써비스,1,1
922,009655,현대차써비스(1우),1,1
923,009680,모토닉,0,1
924,009690,케이엠에이치,1,1
925,009720,전기초자,1,1
926,009730,코센,0,0
927,009731,동신에스엔티1신,1,0
928,009760,한국컴퓨터지주,1,1
929,009770,삼정펄프,0,1
930,009780,엠에스씨,0,0
931,009781,엠에스씨1신,1,0
932,009790,휴닉스,1,1
933,009795,휴닉스(1우),1,1
934,009810,플레이그램,0,1
935,009815,고려포리머우,1,1
936,009830,한화솔루션,0,1
937,009835,한화솔루션우,0,1
938,009837,한화석화(2우B),1,1
939,009840,갑을,1,1
940,009890,맥슨텔레콤,1,1
941,009895,맥슨텔레콤(1우B),1,1
942,009897,맥슨텔레콤(2우B),1,1
943,009900,명신산업,0,1
944,009940,대아리드선,1,1
945,009950,삼한실업,1,0
946,009970,영원무역홀딩스,0,1
947,009990,미우,1,1
948,009995,미우(1우),1,1
949,010000,금성계전,1,1
950,010030,흥양,1,1
951,010040,한국내화,0,1
952,010041,한국내화1신,1,0
953,010050,우리종금,0,1
954,010060,OCI,0,1
955,010090,해태유통,1,1
956,010095,해태유통(1우B),1,1
957,010100,한국무브넥스,0,1
958,010110,고려화학,1,1
959,010120,LS ELECTRIC,0,1
960,010130,고려아연,0,1
961,010140,삼성중공업,0,1
962,010145,삼성중공우,0,1
963,010150,한국코아,1,1
964,010170,대한광통신,0,0
965,010200,극동제혁,1,1
966,010220,한솔종금,1,1
967,010240,흥국,0,0
968,010280,쌍용정보통신,0,0
969,010330,라미화장품,1,1
970,010400,우진아이엔에스,0,1
971,010420,한솔PNS,0,1
972,010460,화인자산관리,1,1
973,010470,오리콤,0,0
974,010510,일진,1,1
975,010520,현대하이스코,1,1
976,010530,라이프주택,1,1
977,010580,에스엠벡셀,0,1
978,010600,웰바이오텍,0,1
979,010601,영창실업1신,1,0
980,010602,영창실업2신,1,0
981,010620,현대미포조선,0,1
982,010640,진양폴리,0,1
983,010660,화천기계,0,1
984,010670,나노트로닉스,1,0
985,010671,하이론코리아1신,1,0
986,010672,하이론코리아2신,1,0
987,010690,화신,0,1
988,010730,금강화섬,1,1
989,010770,평화홀딩스,0,1
990,010780,아이에스동서,0,1
991,010810,정일이엔씨,1,0
992,010820,퍼스텍,0,1
993,010910,제일냉동,1,1
994,010920,로보트보일러,1,0
995,010950,S-Oil,0,1
996,010955,S-Oil우,0,1
997,010960,삼호개발,0,1
998,010970,한주화학,1,1
999,011000,진원생명과학,0,1
1000,011020,코오롱유화,1,1
1001,011040,경동제약,0,0
1002,011050,케드콤,1,1
1003,011070,LG이노텍,0,1
1004,011080,형지I&C,0,0
1005,011090,에넥스,0,1
1006,011150,CJ씨푸드,0,1
1007,011155,CJ씨푸드1우,0,1
1008,011160,두산건설,1,1
1009,011170,롯데케미칼,0,1
1010,011180,동국방직,1,1
1011,011200,HMM,0,1
1012,011210,현대위아,0,1
1013,011230,삼화전자,0,1
1014,011260,한국종금,1,1
1015,011280,태림포장,0,1
1016,011290,갑을방적,1,1
1017,011300,성안,0,1
1018,011320,유니크,0,0
1019,011321,적고1,1,0
1020,011321,유니크1,1,0
1021,011330,유니켐,0,1
1022,011360,국제밸브공업,1,0
1023,011370,서한,0,0
1024,011390,부산산업,0,1
1025,011400,케이씨오에너지,1,1
1026,011420,갤럭시아에스엠,0,1
1027,011450,송원칼라,1,1
1028,011470,기    산,1,1
1029,011500,한농화성,0,1
1030,011510,청구,1,1
1031,011520,서울가든,1,0
1032,011540,삼신,1,1
1033,011560,세보엠이씨,0,0
1034,011650,LG정보,1,1
1035,011690,와이투솔루션,0,1
1036,011700,한신기계,0,1
1037,011720,현대페인트,1,1
1038,011760,현대코퍼레이션,0,1
1039,011770,주일,1,0
1040,011780,금호석유,0,1
1041,011785,금호석유우,0,1
1042,011790,SKC,0,1
1043,011800,배명금속,1,1
1044,011810,STX,0,1
1045,011815,STX(1우),1,1
1046,011820,한국물산,1,1
1047,011825,한국물산(1우),1,1
1048,011840,계몽사,1,1
1049,011860,동아일렉콤,1,0
1050,011870,삼보지질,1,0
1051,011880,현대종금,1,1
1052,011890,제일곡산,1,0
1053,011900,라이카,1,0
1054,011920,태평양금속,1,0
1055,011930,신성이엔지,0,1
1056,011940,태영판지,1,1
1057,011960,새한종금,1,1
1058,011965,새한종금우,1,1
1059,012010,삼산,1,0
1060,012030,DB,0,1
1061,012050,우진전기,1,1
1062,012090,성원건설,1,1
1063,012095,성원건설우,1,1
1064,012150,동방개발,1,1
1065,012160,영흥,0,1
1066,012170,아센디오,0,1
1067,012190,신호페이퍼,1,1
1068,012195,신호페이퍼(1우),1,1
1069,012200,계양전기,0,1
1070,012205,계양전기우,0,1
1071,012220,동국전자,1,1
1072,012250,셰프라인,1,1
1073,012260,이지닷컴,1,1
1074,012265,이지닷컴(1우),1,1
1075,012270,동신,1,1
1076,012280,영화금속,0,1
1077,012300,신한인터내쇼날,1,1
1078,012320,경동인베스트,0,1
1079,012330,현대모비스,0,1
1080,012335,현대모비스우,1,1
1081,012337,현대모비스(2우B),1,1
1082,012340,뉴인텍,0,0
1083,012350,한국체인공업,1,0
1084,012360,신신상사,1,0
1085,012400,허메스홀딩스,1,1
1086,012405,허메스홀딩스우,1,1
1087,012410,글로스텍,1,1
1088,012420,메리츠종금,1,1
1089,012450,한화에어로스페이스,0,1
1090,012460,우영,1,0
1091,012461,우영1신,1,0
1092,012470,영진테크,1,1
1093,012500,제일종금,1,1
1094,012510,더존비즈온,0,1
1095,012540,일신,1,0
1096,012580,톰보이,1,1
1097,012600,청호ICT,0,1
1098,012605,청호컴퓨터(1우),1,1
1099,012610,경인양행,0,1
1100,012620,원일특강,0,0
1101,012630,HDC,0,1
1102,012650,쌍용건설,1,0
1103,012655,쌍용건설우,1,0
1104,012670,환영철강,1,1
1105,012690,모나리자,0,1
1106,012700,리드코프,0,0
1107,012710,한스종금,1,1
1108,012720,건영,1,1
1109,012750,에스원,0,1
1110,012760,동아정기,1,1
1111,012790,신일제약,0,0
1112,012800,대창,0,1
1113,012805,대창우,1,1
1114,012830,현대리바트,1,1
1115,012860,모베이스전자,0,0
1116,012861,신창전기1신,1,0
1117,012910,한라시멘트,1,1
1118,012990,LG석유화학,1,1
1119,013000,세우글로벌,0,1
1120,013005,세우글로벌우,1,1
1121,013030,하이록코리아,0,0
1122,013031,하이록코리아1,1,0
1123,013034,하이록코리아전환,1,0
1124,013035,하이록코리아우선,1,0
1125,013040,금강피혁,1,1
1126,013070,태양이앤테크,1,1
1127,013090,이트로닉스,1,1
1128,013095,이트로닉스(1우),1,1
1129,013097,이트로닉스(2우B),1,1
1130,013120,동원개발,0,0
1131,013200,C&우방,1,1
1132,013200,우방,1,1
1133,013201,우방1신,1,0
1134,013210,장복건설,1,0
1135,013240,세양산업,1,1
1136,013240,셀런,1,1
1137,013250,대양상호신용금고,1,1
1138,013250,대양금고,1,1
1139,013255,대양금고(1우B),1,1
1140,013310,아진산업,0,0
1141,013320,삼경정밀,1,0
1142,013340,AJS,1,0
1143,013360,일성건설,0,1
1144,013365,일성건설우B,1,1
1145,013367,일성건설2우B,1,1
1146,013450,동성하이켐,1,0
1147,013520,화승코퍼레이션,0,1
1148,013570,디와이,0,1
1149,013575,동양기전(1우),1,1
1150,013580,계룡건설,0,1
1151,013630,휴먼이노텍,1,0
1152,013635,휴먼이노텍우,1,0
1153,013650,데코,1,0
1154,013651,데코1신,1,0
1155,013690,뉴코아,1,0
1156,013691,뉴코아1신,1,0
1157,013700,까뮤이앤씨,0,1
1158,013720,CBI,0,0
1159,013721,청보산업1신,1,0
1160,013730,세원,1,0
1161,013780,아큐텍,1,0
1162,013781,아큐텍반도1,1,0
1163,013781,아큐텍반도체1,1,0
1164,013782,아큐텍반도체2,1,0
1165,013810,스페코,0,0
1166,013820,피앤텍,1,1
1167,013850,교하,1,0
1168,013870,지엠비코리아,0,1
1169,013890,지누스,0,1
1170,013900,두원중공업,1,0
1171,013990,아가방컴퍼니,0,0
1172,014010,인터피온반도체,1,1
1173,014015,인터피온반도체(1우),1,1
1174,014040,GPS,1,1
1175,014045,GPS(1우B),1,1
1176,014047,GPS(2우B),1,1
1177,014080,뉴맥스,1,1
1178,014090,석천,1,0
1179,014100,메디앙스,0,0
1180,014130,한익스프레스,0,1
1181,014150,한외종금,1,1
1182,014160,대영포장,0,1
1183,014190,원익큐브,0,0
1184,014200,광림,0,0
1185,014210,대진동관공업,1,0
1186,014250,선일옵트론,1,0
1187,014270,신림종합건설,1,0
1188,014280,금강공업,0,1
1189,014285,금강공업우,0,1
1190,014300,선진지주,1,1
1191,014340,한국종합철관,1,0
1192,014350,신일건업,1,1
1193,014380,대동,1,0
1194,014390,대구종금,1,1
1195,014400,경남종금,1,1
1196,014420,프로비타,1,0
1197,014430,한길종금,1,1
1198,014440,영보화학,0,1
1199,014450,삼양종금,1,1
1200,014470,부방,0,0
1201,014490,쌍용종금,1,1
1202,014530,극동유화,0,1
1203,014570,고려제약,0,0
1204,014580,태경비케이,0,1
1205,014590,나자인,1,1
1206,014590,티엘씨레저,1,1
1207,014620,성광벤드,0,0
1208,014660,녹십자의료공업,1,0
1209,014665,녹십자의료공업우선,1,0
1210,014680,한솔케미칼,0,1
1211,014710,사조씨푸드,0,1
1212,014740,금호케미칼,1,1
1213,014745,금호케미칼(1우),1,1
1214,014790,HL D&I,0,1
1215,014820,동원시스템즈,0,1
1216,014825,동원시스템즈우,0,1
1217,014827,동원시스템즈(2우B),1,1
1218,014830,유니드,0,1
1219,014900,삼보컴퓨터,1,1
1220,014905,삼보컴퓨터우,1,1
1221,014910,성문전자,0,1
1222,014915,성문전자우,0,1
1223,014940,오리엔탈정공,0,0
1224,014970,삼륭물산,0,0
1225,014980,항도종금,1,1
1226,014990,인디에프,0,1
1227,015020,이스타코,0,1
1228,015050,비전하이테크,1,0
1229,015054,영실업4,1,0
1230,015060,미주실업,1,0
1231,015080,청솔종금,1,1
1232,015090,대미실업,1,1
1233,015110,중앙건설,1,1
1234,015150,다산,1,0
1235,015170,중앙바이오텍,1,0
1236,015180,삼송공업,1,0
1237,015200,비앤비성원,1,0
1238,015230,대창단조,0,1
1239,015260,에이엔피,0,1
1240,015265,큐엔텍코리아(1우),1,1
1241,015340,나우정밀,1,1
1242,015350,부산가스,1,1
1243,015360,예스코홀딩스,0,1
1244,015390,엘앤씨피,1,0
1245,015530,큐닉스컴퓨터,1,0
1246,015531,큐닉스컴퓨터1신,1,0
1247,015532,큐닉스컴퓨터2신,1,0
1248,015535,큐닉스컴퓨터우선,1,0
1249,015540,쎌마테라퓨틱스,0,1
1250,015545,웰스브릿지우,1,1
1251,015580,신한은행,1,1
1252,015585,신한은행(1우C),1,1
1253,015590,큐로,0,1
1254,015620,현대울산종금,1,1
1255,015650,리젠트종금,1,1
1256,015670,AP우주통신,1,1
1257,015675,AP우주통신(1우B),1,1
1258,015710,코콤,0,0
1259,015730,대우정밀,1,1
1260,015750,성우하이텍,0,0
1261,015760,한국전력,0,1
1262,015780,논    노,1,1
1263,015860,일진홀딩스,0,1
1264,015880,태화쇼핑,1,1
1265,015890,태경산업,0,1
1266,015910,유산실업,1,0
1267,015920,대림금속공업,1,0
1268,015940,LG데이콤,1,1
1269,015980,금    경,1,1
1270,016040,디에스피,1,0
1271,016070,동성반도체,1,1
1272,016090,대현,0,1
1273,016100,리더스코스메틱,0,0
1274,016140,웨스테이트,1,0
1275,016160,오라바이오틱스,1,1
1276,016165,라딕스우,1,1
1277,016167,오라바이오틱스2우B,1,1
1278,016170,카카오M,1,0
1279,016230,유천건설,1,0
1280,016250,SGC이테크건설,0,0
1281,016260,우단,1,1
1282,016310,신우산업기기,1,0
1283,016350,신한종금,1,1
1284,016355,신한종금(1우),1,1
1285,016360,삼성증권,0,1
1286,016365,삼성증권(1우B),1,1
1287,016367,삼성증권(2우B),1,1
1288,016380,KG스틸,0,1
1289,016385,KG스틸우,1,1
1290,016390,나라종금,1,1
1291,016395,나라종금(1우B),1,1
1292,016397,나라종금(2우B),1,1
1293,016420,NH농협증권,1,1
1294,016430,동신제지,1,1
1295,016435,동신제지(1우),1,1
1296,016450,한세예스24홀딩스,0,1
1297,016451,한세실업1신,1,0
1298,016480,한화종금,1,1
1299,016490,청화상공,1,1
1300,016500,삼삼종금,1,1
1301,016510,현대DSF,1,1
1302,016550,한별텔레콤,1,1
1303,016555,한별텔레콤(1우),1,1
1304,016560,서울상호신용금고,1,1
1305,016560,서울저축은행,1,1
1306,016570,태평양제약,1,1
1307,016575,태평양제우,1,1
1308,016580,환인제약,0,1
1309,016590,신대양제지,0,1
1310,016600,큐캐피탈,0,0
1311,016601,개발투자1,1,0
1312,016610,DB금융투자,0,1
1313,016620,우풍상호신용금고,1,0
1314,016640,신    화,1,1
1315,016670,디모아,0,0
1316,016680,태흥피혁,1,1
1317,016690,신세계종금,1,1
1318,016710,대성홀딩스,0,1
1319,016740,두올,0,1
1320,016790,카나리아바이오,0,0
1321,016800,퍼시스,0,1
1322,016830,한미은행,1,1
1323,016835,한미은행(1우B),1,1
1324,016837,한미은행(2우B),1,1
1325,016839,한미은행(3우B),1,1
1326,01683A,한미은행(4우B),1,1
1327,01683B,한미은행(5우B),1,1
1328,01683C,한미은행(6우B),1,1
1329,016880,웅진,0,1
1330,016890,대웅바이오,1,0
1331,016920,카스,0,0
1332,016921,카스1신,1,0
1333,016925,카스우선,1,0
1334,016970,씨크롭,1,1
1335,016975,씨크롭(1우),1,1
1336,016990,LG마이크론,1,0
1337,017000,신원종합개발,0,0
1338,017010,제너비오믹스,1,0
1339,017040,광명전기,0,1
1340,017050,스타맥스,1,0
1341,017070,호승,1,1
1342,017090,풍연,1,0
1343,017091,풍연1신,1,0
1344,017092,풍연2신,1,0
1345,017093,풍연3신,1,0
1346,017094,풍연전환,1,0
1347,017110,고려종금,1,1
1348,017120,바로크,1,1
1349,017160,세븐코스프,1,0
1350,017161,코스프1신,1,0
1351,017170,훈영,1,1
1352,017180,명문제약,0,1
1353,017210,코닉스,1,0
1354,017211,코닉스1,1,0
1355,017214,코닉스전환,1,0
1356,017250,인터엠,0,0
1357,017300,에이치비이에너지,1,1
1358,017320,태일정밀,1,1
1359,017325,태일정밀(1우),1,1
1360,017370,우신시스템,0,1
1361,017390,서울가스,0,1
1362,017410,한주개발,1,0
1363,017480,삼현철강,0,0
1364,017510,세명전기,0,0
1365,017550,수산중공업,0,1
1366,017555,수산중공우,1,1
1367,017620,라인건설,1,0
1368,017650,대림제지,0,0
1369,017670,SK텔레콤,0,1
1370,017680,데코앤이,1,0
1371,017740,주화산업,1,0
1372,017800,현대엘리베이,0,1
1373,017810,풀무원,0,1
1374,017890,한국알콜,0,0
1375,017891,한국알콜1신,1,0
1376,017900,광전자,0,1
1377,017940,E1,0,1
1378,017960,한국카본,0,1
1379,018000,유니슨,0,0
1380,018020,스타리스,1,1
1381,018120,진로발효,0,0
1382,018121,진로발효1신,1,0
1383,018180,텔슨정보통신,1,0
1384,018230,보성건설,1,0
1385,018250,애경산업,0,1
1386,018260,삼성에스디에스,0,1
1387,018290,브이티지엠피,0,0
1388,018310,삼목에스폼,0,0
1389,018360,메디슨,1,1
1390,018365,메디슨(1우),1,1
1391,018380,유진산업,1,0
1392,018410,현대금속,1,1
1393,018415,현대금속우,1,1
1394,018417,현대금속2우B,1,1
1395,018470,조일알미늄,0,1
1396,018480,부산리스금융,1,0
1397,018485,부산리스금융우선,1,0
1398,018500,동원금속,0,1
1399,018550,한국안전유리,1,1
1400,018570,선진금속,1,1
1401,018590,케이엔씨,1,1
1402,018590,KNC,1,1
1403,018620,우진비앤지,0,0
1404,018670,SK가스,0,1
1405,018680,서울제약,0,0
1406,018690,신정제지,1,1
1407,018700,바른손,0,0
1408,018720,동양기공,1,0
1409,018740,에어로시스템,1,0
1410,018840,금성제관,1,0
1411,018860,동방산업개발,1,0
1412,018880,한온시스템,0,1
1413,018890,모라리소스,1,0
1414,018910,신호테크,1,0
1415,019010,베뉴지,0,0
1416,019011,그랜드백화점1신,1,0
1417,019120,경윤하이드로,1,0
1418,019170,신풍제약,0,1
1419,019175,신풍제약우,0,1
1420,019180,티에이치엔,0,1
1421,019210,와이지-원,0,0
1422,019230,신한종합비료,1,0
1423,019260,엔케이바이오,1,0
1424,019300,태림페이퍼,1,1
1425,019380,신강제지,1,1
1426,019430,넥서스투자,1,0
1427,019440,세아특수강,0,1
1428,019460,서울창업투자,1,0
1429,019490,하이트론,0,1
1430,019491,하이트론씨스템즈1신,1,0
1431,019492,하이트론씨스템즈2신,1,0
1432,019530,한국산업투자,1,0
1433,019540,일지테크,0,0
1434,019550,SBI인베스트먼트,0,0
1435,019560,한국파트너스,1,0
1436,019570,리더스 기술투자,0,0
1437,019590,엠벤처투자,0,0
1438,019640,희훈디앤지,1,0
1439,019641,희훈1신,1,0
1440,019642,희훈2신,1,0
1441,019660,글로본,0,0
1442,019680,대교,0,1
1443,019685,대교우B,0,1
1444,019730,신한모방,1,0
1445,019770,서연탑메탈,0,0
1446,019930,기라정보통신,1,1
1447,019931,기라전자1신,1,0
1448,019931,기라정보통신1신,1,0
1449,019990,에너토크,0,0
1450,020000,한섬,0,1
1451,020070,에버리소스,1,0
1452,020074,동양토탈전환,1,0
1453,020075,에버리소스우,1,0
1454,020100,태일전자,1,0
1455,020120,키다리스튜디오,0,1
1456,020150,롯데에너지머티리얼즈,0,1
1457,020180,대신정보통신,0,0
1458,020400,대동금속,0,0
1459,020490,아이씨켐,1,0
1460,020560,아시아나항공,0,1
1461,020620,세본금속,1,0
1462,020625,세본금속우선,1,0
1463,020710,시공테크,0,0
1464,020760,일진디스플,0,1
1465,020860,리타워텍,1,0
1466,020865,리타워텍우,1,0
1467,020880,동마산업,1,0
1468,020881,동마산업1신,1,0
1469,021040,대호특수강,0,0
1470,021045,대호특수강우,0,0
1471,021050,서원,0,1
1472,021060,한림창투,1,0
1473,021080,에이티넘인베스트,0,0
1474,021090,케미그라스,1,0
1475,021091,케미그라스1신,1,0
1476,021170,고려유화,1,1
1477,021220,삼화정밀,1,0
1478,021221,삼화정밀1신,1,0
1479,021240,코웨이,0,1
1480,021310,동화은행,1,1
1481,021320,KCC건설,0,0
1482,021570,알루코,1,0
1483,021574,알루코전환,1,0
1484,021600,대동은행,1,1
1485,021610,동남은행,1,1
1486,021650,한국큐빅,0,0
1487,021660,하이켐,1,0
1488,021740,세화기술투자,1,0
1489,021820,세원정공,0,1
1490,021870,중앙리스금융,1,0
1491,021880,메이슨캐피탈,0,0
1492,021930,경남리스,1,0
1493,021931,경남리스1신,1,0
1494,021960,KB캐피탈,1,1
1495,021960,한미리스,1,1
1496,022020,삼경기전,1,0
1497,022060,삼성투신증권,1,0
1498,022061,삼성투신증권1,1,0
1499,022100,포스코DX,0,0
1500,022130,건영종합건설,1,0
1501,022220,TKG애강,0,0
1502,022510,동호전기,1,0
1503,022520,코오롱아이넷,1,1
1504,022610,한일,1,0
1505,022770,금강정공,1,0
1506,022780,옵셔널벤처스,1,0
1507,022870,평화은행,1,0
1508,022875,평화은행우선,1,0
1509,023000,삼원강재,0,1
1510,023020,동양매직,1,0
1511,023130,국민은행,1,1
1512,023135,국민은행(1우B),1,1
1513,023137,국민은행(2우B),1,1
1514,023139,국민은행(3우B),1,1
1515,02313A,국민은행(4우B),1,1
1516,02313B,국민은행(5우B),1,1
1517,023140,다다,1,0
1518,023150,MH에탄올,0,1
1519,023160,태광,0,0
1520,023350,한국종합기술,0,1
1521,023410,유진기업,0,0
1522,023420,유진종합개발,1,0
1523,023421,유진종합개발1신,1,0
1524,023430,아이이,1,0
1525,023440,제이스코홀딩스,0,0
1526,023441,제일제강1신,1,0
1527,023442,제일제강2신,1,0
1528,023450,동남합성,0,1
1529,023460,CNH,0,0
1530,023530,롯데쇼핑,0,1
1531,023580,한서상호신용금고,1,0
1532,023590,다우기술,0,1
1533,023591,다우기술1신,1,0
1534,023600,삼보판지,0,0
1535,023601,삼보판지1신,1,0
1536,023670,알이엔,1,0
1537,023710,익산,1,0
1538,023760,한국캐피탈,0,0
1539,023770,플레이위드,0,0
1540,023771,써-니상사1,1,0
1541,023780,신한캐피탈,1,0
1542,023790,동일철강,0,0
1543,023800,인지컨트롤스,0,1
1544,023810,인팩,0,1
1545,023811,삼영케불1신,1,0
1546,023880,삼협산업,1,0
1547,023890,한국아트라스비엑스,1,0
1548,023900,풍국주정,0,0
1549,023910,대한약품,0,0
1550,023920,광일,1,0
1551,023960,에쓰씨엔지니어링,0,1
1552,024060,흥구석유,0,0
1553,024070,WISCOM,0,1
1554,024080,카리스소프트,1,0
1555,024081,신화실크1,1,0
1556,024090,디씨엠,0,1
1557,024091,디씨엠1신,1,0
1558,024091,대림1신,1,0
1559,024092,대림2신,1,0
1560,024093,대림3신,1,0
1561,024100,제일저축은행,1,1
1562,024100,제일상호신용금고,1,1
1563,024110,기업은행,0,1
1564,024120,KB오토시스,0,0
1565,024660,하림홀딩스,1,0
1566,024720,한국콜마홀딩스,0,1
1567,024740,한일단조,0,0
1568,024741,한일단조1신,1,0
1569,024800,유성티엔에스,0,0
1570,024810,이화전기,0,0
1571,024811,이티아이1,1,0
1572,024820,동부상호신용금고,1,0
1573,024830,세원물산,0,0
1574,024840,KBI메탈,0,0
1575,024850,HLB이노베이션,0,0
1576,024860,국제종합토건,1,0
1577,024870,유성티에스아이,1,1
1578,024870,유성금속,1,1
1579,024871,유성금속1신,1,0
1580,024880,케이피에프,0,0
1581,024890,대원화성,0,1
1582,024900,덕양산업,0,1
1583,024910,경창산업,0,0
1584,024911,경창산업1신,1,0
1585,024912,경창산업2신,1,0
1586,024920,동신특강,1,0
1587,024930,국정교과서,1,0
1588,024940,PN풍년,0,0
1589,024950,삼천리자전거,0,0
1590,024951,삼천리자전1,1,0
1591,024960,영남종금,1,1
1592,025000,KPX케미칼,0,1
1593,025080,외환리스,1,0
1594,025090,대구리스금융,1,0
1595,025150,삼주건설,1,0
1596,025151,삼주건설1신,1,0
1597,025220,중앙상호신용금고,1,0
1598,025270,부산방직,1,0
1599,025320,시노펙스,0,0
1600,025340,그린기술투자,1,0
1601,025440,DH오토웨어,0,0
1602,025450,한마음저축은,1,0
1603,025451,한마음신금1신,1,0
1604,025460,팬텀엔터그룹,1,0
1605,025530,SJM홀딩스,0,1
1606,025540,한국단자,0,1
1607,025541,한국단자공업1신,1,0
1608,025550,한국선재,0,0
1609,025551,한국선재1신,1,0
1610,025560,미래산업,0,1
1611,025561,미래산업1신,1,0
1612,025610,한국저축은행,1,1
1613,025620,제이준코스메틱,0,1
1614,025690,동방라이텍,1,0
1615,025750,한솔홈데코,0,1
1616,025770,한국정보통신,0,0
1617,025820,이구산업,0,1
1618,025830,한국합섬,1,1
1619,025840,레이디,1,1
1620,025850,한화화인케미칼,1,1
1621,025860,남해화학,0,1
1622,025870,신라에스지,0,0
1623,025880,케이씨피드,0,0
1624,025890,한국주강,0,1
1625,025891,한국주강1신,1,0
1626,025900,동화기업,0,0
1627,025901,동화기업1신,1,0
1628,025910,동방음향,1,0
1629,025920,우경,1,0
1630,025921,우경철강1,1,0
1631,025930,팬택,1,1
1632,025931,팬택1신,1,0
1633,025932,팬택2신,1,0
1634,025940,부영철강,1,0
1635,025950,동신건설,0,0
1636,025951,동신건설1신,1,0
1637,025960,동흥전기,1,0
1638,025970,알덱스,1,0
1639,025980,아난티,0,0
1640,025981,피.엠.케이1,1,0
1641,026040,제이에스티나,0,0
1642,026150,특수건설,0,0
1643,026151,특수건설1신,1,0
1644,026180,현대정보기술,1,0
1645,026220,에스티씨라이프,1,0
1646,026230,IDH,1,0
1647,026231,대현테크1신,1,0
1648,026240,동남리스,1,0
1649,026250,삼우이엠씨,1,0
1650,026251,삼우이엠씨1신,1,0
1651,026260,위너지스,1,0
1652,026261,M플러스텍1신,1,0
1653,026262,M플러스텍2신,1,0
1654,026263,M플러스텍3신,1,0
1655,026540,제일창투,1,0
1656,026870,코원에너지서비스,1,1
1657,026890,스틱인베스트먼트,0,1
1658,026900,신원금속,1,0
1659,026910,광진실업,0,0
1660,026920,영성제강,1,0
1661,026921,영성제강1,1,0
1662,026930,한양철강공업,1,0
1663,026940,부국철강,0,1
1664,026941,부국철강1신,1,0
1665,026950,한일제관,1,0
1666,026960,동서,0,1
1667,026961,동서1신,1,0
1668,026962,동서2신,1,0
1669,026970,대백저축은행,1,0
1670,027040,서울전자통신,0,0
1671,027050,코리아나,0,0
1672,027350,텔슨전자,1,0
1673,027351,텔슨전자1신,1,0
1674,027352,텔슨전자2신,1,0
1675,027353,텔슨전자3신,1,0
1676,027354,텔슨전자전환,1,0
1677,027360,아주IB투자,0,0
1678,027390,한화갤러리아타임월드,1,1
1679,027410,BGF,0,1
1680,027440,코리아이앤디,1,0
1681,027450,한보상호신용금고,1,0
1682,027460,주택은행,1,1
1683,027465,주택은행(1우B),1,1
1684,027467,주택은행(2우B),1,1
1685,027469,주택은행(3우B),1,1
1686,027560,케이디엠,1,0
1687,027580,상보,0,0
1688,027610,대륭,1,0
1689,027611,대륭1신,1,0
1690,027612,대륭2신,1,0
1691,027613,대륭3신,1,0
1692,027614,대륭전환,1,0
1693,027700,대백쇼핑,1,0
1694,027710,팜스토리,0,0
1695,027711,도드람사료1신,1,0
1696,027712,도드람사료2신,1,0
1697,027740,마니커,0,1
1698,027830,대성창투,0,0
1699,027840,고덴시,1,1
1700,027840,한국고덴시,1,1
1701,027841,한국고덴시1신,1,0
1702,027890,스탠더드텔레,1,0
1703,027891,스탠더드텔레1신,1,0
1704,027892,스탠더드텔레2신,1,0
1705,027893,스탠더드텔레3신,1,0
1706,027894,스탠더드텔레전환,1,0
1707,027970,세하,0,1
1708,028040,미래SCI,1,0
1709,028050,삼성엔지니어링,0,1
1710,028080,휴맥스홀딩스,0,0
1711,028081,휴맥스1신,1,0
1712,028090,네오퍼플,1,0
1713,028091,명화네트1신,1,0
1714,028092,명화네트2신,1,0
1715,028100,동아지질,0,1
1716,028150,GS홈쇼핑,1,0
1717,028260,삼성물산,0,1
1718,02826K,삼성물산우B,0,1
1719,028300,HLB,0,0
1720,028301,국제정공1신,1,0
1721,028302,국제정공2신,1,0
1722,028303,국제정공3신,1,0
1723,028304,국제정공전환,1,0
1724,028305,에이치엘비우,1,0
1725,028440,삼화,1,1
1726,028450,금성투자금융,1,1
1727,028460,태평양건설,1,1
1728,028470,금성부품,1,1
1729,028480,반도스포츠,1,1
1730,028490,아남정밀,1,1
1731,028500,대도상사,1,1
1732,028510,기온물산,1,1
1733,028520,영원통신,1,1
1734,028530,영태전자공업,1,1
1735,028535,영태전자공업우,1,1
1736,028540,승리기계제작소,1,1
1737,028550,서진식품,1,1
1738,028555,서진식품우,1,1
1739,028560,케니상사,1,1
1740,028570,우생,1,1
1741,028580,경일화학공업,1,1
1742,028590,양우화학공업,1,1
1743,028600,백산전자,1,1
1744,028610,중원전자,1,1
1745,028620,인성기연,1,1
1746,028630,삼나스포츠,1,1
1747,028640,풍진,1,1
1748,028670,팬오션,0,1
1749,029260,금성전기,1,1
1750,029460,케이씨,0,1
1751,029461,케이씨텍1신,1,0
1752,029462,케이씨텍2신,1,0
1753,029463,케이씨텍3신,1,0
1754,029464,케이씨텍전환,1,0
1755,029470,한국대아진공,1,0
1756,029471,한국대아진공1신,1,0
1757,029472,한국대아진공2신,1,0
1758,029480,광무,0,0
1759,029481,케이디씨1신,1,0
1760,029530,신도리코,0,1
1761,029780,삼성카드,0,1
1762,029890,현대반도체,1,1
1763,029960,코엔텍,0,0
1764,030000,제일기획,0,1
1765,030030,중앙디자인,1,0
1766,030190,NICE평가정보,0,0
1767,030200,KT,0,1
1768,030210,다올투자증권,0,1
1769,030270,에스마크,1,0
1770,030350,드래곤플라이,0,0
1771,030390,쏠라엔텍,1,0
1772,030420,디패션,1,0
1773,030421,인터링크1신,1,0
1774,030520,한글과컴퓨터,0,0
1775,030521,한글과컴퓨터1신,1,0
1776,030522,한글과컴퓨터2신,1,0
1777,030524,한글과컴퓨터전환,1,0
1778,030530,원익홀딩스,0,0
1779,030531,아토1신,1,0
1780,030532,아토2신,1,0
1781,030610,교보증권,0,1
1782,030700,한통엠닷컴,1,0
1783,030710,동아금고,1,1
1784,030720,동원수산,0,1
1785,030790,비케이탑스,0,1
1786,030950,보진재,1,0
1787,030960,양지사,0,0
1788,030970,주은리스,1,0
1789,030971,주은리스1,1,0
1790,031090,화니백화점,1,0
1791,031150,국민카드,1,0
1792,031310,아이즈비전,0,0
1793,031314,아이즈비전전환,1,0
1794,031330,에스에이엠티,0,0
1795,031390,녹십자셀,1,0
1796,031430,신세계인터내셔날,0,1
1797,031440,신세계푸드,0,1
1798,031510,오스템,0,0
1799,031800,ST&I,1,0
1800,031804,씨티아이s전환,1,0
1801,031820,콤텍시스템,0,1
1802,031860,엔에스엔,0,0
1803,031920,신민저축은행,1,0
1804,031950,에듀패스,1,0
1805,031951,서울시스템1신,1,0
1806,031955,서울시스템우선,1,0
1807,031957,서울시스템2우,1,0
1808,031958,서울시스템2우1신,1,0
1809,031960,동산진흥,1,0
1810,031970,엠바이엔,1,0
1811,031971,엠바이엔1신,1,0
1812,031972,엠바이엔2신,1,0
1813,031974,엠바이엔전환,1,0
1814,031980,피에스케이홀딩스,0,0
1815,031990,대선조선,1,0
1816,032030,일공공일안경,1,0
1817,032040,C&S자산관리,1,0
1818,032050,후야인포넷,1,0
1819,032080,아즈텍WB,0,0
1820,032150,으뜸저축은행,1,0
1821,032151,제은금고1,1,0
1822,032180,이수세라믹,1,0
1823,032190,다우데이타,0,0
1824,032280,삼일,0,0
1825,032290,알티전자,1,0
1826,032300,한국파마,0,0
1827,032350,롯데관광개발,0,1
1828,032380,핸디소프트,1,0
1829,032390,KTF,1,1
1830,032420,터보테크,1,0
1831,032421,터보테크1,1,0
1832,032500,케이엠더블유,0,0
1833,032540,TJ미디어,0,0
1834,032560,황금에스티,0,1
1835,032570,카라반케이디이,1,0
1836,032580,피델릭스,0,0
1837,032581,씨.엔.아이1신,1,0
1838,032582,씨.엔.아이2신,1,0
1839,032590,엔토리노,1,0
1840,032591,두일통신1신,1,0
1841,032600,애드모바일,1,0
1842,032610,에스오케이,1,0
1843,032611,에스오케이1신,1,0
1844,032612,에스오케이2신,1,0
1845,032620,유비케어,0,0
1846,032621,메디다스1신,1,0
1847,032624,메디다스4,1,0
1848,032640,LG유플러스,0,1
1849,032680,소프트센,0,0
1850,032685,소프트센우,0,0
1851,032710,LG카드,1,1
1852,032750,삼진,0,0
1853,032780,테라,1,0
1854,032790,엠젠솔루션,0,0
1855,032791,지이티1신,1,0
1856,032800,판타지오,0,0
1857,032801,아펙스1,1,0
1858,032802,아펙스2,1,0
1859,032820,우리기술,0,0
1860,032830,삼성생명,0,1
1861,032850,비트컴퓨터,0,0
1862,032860,휴먼엔,0,0
1863,032930,에이스앤파트너스,1,0
1864,032940,원익,0,0
1865,032941,원익1신,1,0
1866,032960,동일기연,0,0
1867,032970,카인드웨어서울,1,0
1868,032980,바이온,0,0
1869,033020,세아메탈,1,0
1870,033030,지오엠씨,1,0
1871,033040,세림아이텍,1,0
1872,033041,세림아이텍1신,1,0
1873,033050,제이엠아이,0,0
1874,033070,삼한콘트롤스,1,0
1875,033075,삼한콘트롤스우,1,0
1876,033100,제룡전기,0,0
1877,033110,코너스톤네트웍스,1,0
1878,033130,디지틀조선,0,0
1879,033160,엠케이전자,0,0
1880,033170,시그네틱스,0,0
1881,033180,KH 필룩스,0,1
1882,033190,폴켐,1,0
1883,033200,모아텍,0,0
1884,033210,삼화기연,1,0
1885,033220,남성알미늄,1,0
1886,033230,인성정보,0,0
1887,033240,자화전자,0,1
1888,033250,체시스,0,1
1889,033260,쌈지,1,0
1890,033270,유나이티드제약,0,1
1891,033280,어울림엘시스,1,0
1892,033290,코웰패션,0,0
1893,033300,보성인터,1,0
1894,033310,엠투엔,0,0
1895,033320,제이씨현시스템,0,0
1896,033330,두림티앤씨,1,0
1897,033334,두림티앤씨전환,1,0
1898,033340,좋은사람들,0,0
1899,033350,대진정밀화학,1,0
1900,033430,디에스티,1,0
1901,033500,동성화인텍,0,0
1902,033510,어필텔레콤,1,0
1903,033530,세종공업,0,1
1904,033540,파라텍,0,0
1905,033550,룩손에너지,1,0
1906,033560,블루콤,0,0
1907,033600,럭슬,1,0
1908,033630,SK브로드밴드,1,0
1909,033640,네패스,0,0
1910,033660,우리금융캐피탈,1,1
1911,033720,블루스톤,1,0
1912,033725,블루스톤우,1,0
1913,033780,KT&G,0,1
1914,033790,스카이문스테크놀로지,0,0
1915,033830,티비씨,0,0
1916,033850,지노시스템,1,0
1917,033855,지노시스템우,1,0
1918,033880,블루멈,1,0
1919,033885,블루멈우,1,0
1920,033920,무학,0,1
1921,034010,트라이써클,1,0
1922,034020,두산에너빌리티,0,1
1923,034120,SBS,0,1
1924,034121,서울방송1,1,0
1925,034160,박현주 1호,1,0
1926,034170,박현주 2호,1,0
1927,034180,알바트로스,1,1
1928,034190,코스파이더,1,1
1929,034200,박현주3호,1,1
1930,034220,LG디스플레이,0,1
1931,034230,파라다이스,0,0
1932,034260,삼성다이나믹,1,0
1933,034270,삼성 프라임,1,0
1934,034280,박현주 4호,1,0
1935,034290,박현주 5호,1,0
1936,034300,신세계건설,0,1
1937,034310,NICE,0,1
1938,034320,에머랄드 1호,1,0
1939,034330,사파이어전환,1,0
1940,034340,사파이어성장,1,0
1941,034350,트윈스챌린지,1,0
1942,034370,럭키소재,1,1
1943,034430,한빛세이프일,1,0
1944,034440,한빛세이프이,1,0
1945,034450,이글 1호,1,0
1946,034460,이글 2호,1,0
1947,034470,동원장보고1,1,0
1948,034510,무한투자,1,0
1949,034560,이글3호,1,0
1950,034570,이글4호,1,0
1951,034580,플래티넘1호,1,1
1952,034590,인천도시가스,0,1
1953,034600,글로웍스,1,0
1954,034607,로커스우,1,0
1955,034650,성공파트너1,1,0
1956,034660,제넥셀,1,0
1957,034730,SK,0,1
1958,03473K,SK우,0,1
1959,034750,디씨씨,1,0
1960,034760,호크아이즈,1,0
1961,034770,SEI에셋,1,1
1962,034810,해성산업,0,0
1963,03481K,해성산업1우,0,0
1964,034820,드림,1,0
1965,034830,한국토지신탁,0,1
1966,034840,트윈스비전일,1,1
1967,034850,플래티넘2호,1,1
1968,034920,하이프로,1,0
1969,034940,조아제약,0,0
1970,034950,한국기업평가,0,0
1971,034960,드림2호,1,0
1972,034970,올에버,1,0
1973,034980,이론테크,1,0
1974,034990,플러스1호,1,1
1975,035000,지투알,0,1
1976,035010,소예,1,0
1977,035030,파이오니어MF,1,0
1978,035040,플래티넘3호,1,1
1979,035050,플래티넘타겟,1,1
1980,035080,그래디언트,0,0
1981,035150,백산,0,1
1982,035160,플러스2호,1,0
1983,035200,프럼파스트,0,0
1984,035210,티브로드도봉강북방송,1,0
1985,035250,강원랜드,0,1
1986,035270,청람디지탈,1,0
1987,035290,골드앤에스,0,0
1988,035300,실크로드,1,0
1989,035310,실크로드2호,1,0
1990,035320,알바트로스2,1,0
1991,035330,드림3호,1,0
1992,035340,엠피챌린지,1,1
1993,035400,브이에스에스티,1,0
1994,035405,브이에스에스티우,1,0
1995,035410,플러스3호,1,0
1996,035420,NAVER,0,1
1997,035430,드림라인,1,0
1998,035450,지아이바이오,1,0
1999,035460,기산텔레콤,0,0
2000,035470,드림4호,1,0
2001,035480,제이테크놀로지,1,0
2002,035500,써니트렌드,1,0
2003,035510,신세계 I&C,0,1
2004,035520,삼성그랑프리,1,0
2005,035530,프라임성장형,1,0
2006,035540,드림5호,1,0
2007,035590,마이다스성일,1,1
2008,035600,KG이니시스,0,0
2009,035610,솔본,0,0
2010,035620,바른손이앤에이,0,0
2011,035670,챌린지전환1,1,0
2012,035680,챌린지성장2,1,0
2013,035700,드림6호,1,0
2014,035710,CL,1,0
2015,035720,카카오,0,1
2016,035760,CJ ENM,0,0
2017,035780,그로웰텔레콤,1,0
2018,035790,드림7호,1,0
2019,035810,이지홀딩스,0,0
2020,035820,크린1호,1,0
2021,035830,메카포럼,1,0
2022,035860,드림8호,1,0
2023,035870,호성,1,0
2024,035880,마이다스자일,1,0
2025,035890,서희건설,0,0
2026,035900,JYP Ent.,0,0
2027,035910,현대멀티캡,1,0
2028,035915,현대멀티캡우,1,0
2029,035917,현대멀티캡2우,1,0
2030,035919,현대멀티캡3우,1,0
2031,035930,에스이아이채MF,1,0
2032,035940,에스이아이주,1,0
2033,035950,케이알,1,0
2034,035960,바이오시스,1,0
2035,035970,교보그로쓰,1,0
2036,035980,교보 본드,1,0
2037,036000,예림당,0,0
2038,036010,아비코전자,0,0
2039,036020,한아시스템,1,0
2040,036030,케이티알파,0,0
2041,036040,마이다스전일,1,0
2042,036060,한강기금,1,1
2043,036090,위지트,0,0
2044,036120,SCI평가정보,0,0
2045,036170,클라우드에어,0,0
2046,036180,지더블유바이텍,0,0
2047,036190,금화피에스시,0,0
2048,036200,유니셈,0,0
2049,036210,태산엘시디,1,0
2050,036220,인포피아,1,0
2051,036260,이매진아시아,1,0
2052,036270,헤쎄나,1,0
2053,036280,뉴켐진스템셀,1,0
2054,036300,실크자산 1,1,0
2055,036310,크린2호,1,0
2056,036330,리젠트자산1,1,0
2057,036360,3SOFT,1,0
2058,036390,대신불펀드일,1,1
2059,036400,마이다스테크,1,0
2060,036420,콘텐트리중앙,0,1
2061,036430,다임전환일호,1,0
2062,036440,다임보험일호,1,0
2063,036460,한국가스공사,0,1
2064,036480,대성미생물,0,0
2065,036490,SK머티리얼즈,1,0
2066,036500,에스에스컴텍,1,0
2067,036530,SNT홀딩스,0,1
2068,036540,SFA반도체,0,0
2069,036550,에이스디지텍,1,0
2070,036560,영풍정밀,0,0
2071,036570,엔씨소프트,0,1
2072,036580,팜스코,0,1
2073,036585,팜스코우B,1,1
2074,036590,케이엔티,1,0
2075,036600,지니웍스,1,0
2076,036610,지디코프,1,0
2077,036620,감성코퍼레이션,0,0
2078,036630,세종텔레콤,0,0
2079,036640,HRS,0,0
2080,036650,실크자산2,1,0
2081,036660,플러스프로핏,1,0
2082,036670,KCI,0,0
2083,036690,코맥스,0,0
2084,036710,심텍홀딩스,0,0
2085,036720,한빛네트,1,0
2086,036760,KNS홀딩스,1,0
2087,036780,알바트로스3,1,0
2088,036790,자강,1,0
2089,036800,나이스정보통신,0,0
2090,036810,에프에스티,0,0
2091,036820,BET,1,0
2092,036825,BET우,1,0
2093,036830,솔브레인홀딩스,0,0
2094,036840,히스토스템,1,0
2095,036850,나리지*온,1,0
2096,036870,장인환1호,1,1
2097,036880,맥시스템,1,0
2098,036890,진성티이씨,0,0
2099,036900,택산아이엔씨,1,0
2100,036910,세원텔레콤,1,0
2101,036920,지앤에스티,1,0
2102,036930,주성엔지니어링,0,0
2103,036950,유리중립일,1,0
2104,036960,유리피아이일,1,0
2105,036970,리젠트성장1,1,0
2106,037010,넷컴스토리지,1,0
2107,037020,한와이어리스,1,0
2108,037030,파워넷,0,0
2109,037040,실크자산3,1,0
2110,037060,시큐어소프트,1,0
2111,037070,파세코,0,0
2112,037110,JS,1,0
2113,037120,한신코퍼,1,0
2114,037150,CJ인터넷,1,0
2115,037180,알바트로스 4,1,0
2116,037190,이글5호,1,0
2117,037200,다산씨앤아이,1,0
2118,037220,넥스텔,1,0
2119,037230,한국팩키지,0,0
2120,037240,평안물산,1,0
2121,037250,대흥멀티통신,1,0
2122,037270,YG PLUS,0,1
2123,037280,시스컴,1,0
2124,037320,시노펙스그린테크,1,0
2125,037330,인지디스플레,0,0
2126,037340,씨엘인터내셔널,1,0
2127,037350,성도이엔지,0,0
2128,037360,KTB전환형1,1,0
2129,037370,EG,0,0
2130,037380,에이원마이크로,1,0
2131,037400,우리엔터프라이즈,0,0
2132,037410,코리아링크,1,0
2133,037430,리젠트프로1,1,0
2134,037440,희림,0,0
2135,037460,삼지전자,0,0
2136,037480,박현주2성장,1,1
2137,037490,박현주자산1,1,0
2138,037500,굿라이프5MF,1,0
2139,037510,굿라이프10-MF,1,0
2140,037520,유리아이피일,1,0
2141,037530,유리배분일,1,0
2142,037540,네스테크,1,0
2143,037550,클라스타,1,0
2144,037560,LG헬로비전,0,1
2145,037600,씨모스,1,0
2146,037620,미래에셋증권,1,1
2147,037630,에스비엠,1,0
2148,037640,대경테크노스,1,0
2149,037650,성진산업,1,0
2150,037670,엘리트1호,1,0
2151,037700,토자이홀딩스,1,0
2152,037710,광주신세계,0,1
2153,037730,3R,1,0
2154,037740,디지텔,1,0
2155,037750,엔써,1,0
2156,037760,쎄니트,0,0
2157,037770,박현주3성장,1,0
2158,037780,박현주4성장,1,0
2159,037830,글로포스트,1,0
2160,037950,엘컴텍,0,0
2161,038010,제일테크노스,0,0
2162,038020,월드그랜드1,1,0
2163,038030,박현주5호,1,0
2164,038050,트래픽 ITS,1,0
2165,038060,루멘스,0,0
2166,038070,서린바이오,0,0
2167,038100,아이엠아이티,1,0
2168,038110,에코플라스틱,0,0
2169,038120,AD모터스,1,0
2170,038160,팍스넷,1,0
2171,038270,옵티멈전환일,1,1
2172,038280,벤처코스닥MF,1,0
2173,038290,마크로젠,0,0
2174,038310,마이다스전이,1,0
2175,038320,어울림정보,1,0
2176,038340,MIT,0,0
2177,038370,KTB벤처1MF,1,0
2178,038380,KTB자산배분2,1,0
2179,038390,레드캡투어,0,0
2180,038400,외환카드,1,1
2181,038410,트라이콤,1,0
2182,038420,씨엔씨엔터,1,0
2183,038460,바이오스마트,0,0
2184,038480,박현주6호,1,0
2185,038500,삼표시멘트,0,0
2186,038520,화인썬트로닉,1,0
2187,038530,골드퍼시픽,0,0
2188,038540,상상인,0,0
2189,038580,미래하이1호,1,0
2190,038620,위즈코프,0,0
2191,038680,에스넷,0,0
2192,038690,에이스일렉,1,0
2193,038710,BRN사이언스,1,0
2194,038720,유일엔시스,1,0
2195,038760,KTB전환형41,1,0
2196,038770,글로벌하이1,1,0
2197,038810,포이보스,1,0
2198,038830,케이엠에스,1,0
2199,038870,에코바이오,0,0
2200,038880,아이에이,0,0
2201,038920,지이엔에프,1,0
2202,038940,박현주7성장,1,0
2203,038950,파인디지털,0,0
2204,038960,현주컴퓨터,1,0
2205,038980,이지클럽,1,0
2206,038990,넥스콘테크,1,0
2207,039000,써미트,1,0
2208,039010,현대에이치티,0,0
2209,039020,이건홀딩스,0,0
2210,039030,이오테크닉스,0,0
2211,039040,유니텍전자,1,0
2212,039050,마이다스테2,1,0
2213,039060,아이비진,1,0
2214,039110,에스피컴텍,1,0
2215,039130,하나투어,0,1
2216,039160,월드그랜드2,1,0
2217,039170,징기스칸1호,1,0
2218,039180,동원장보고2,1,0
2219,039200,오스코텍,0,0
2220,039210,미래하이2호,1,0
2221,039220,미래아이티1,1,0
2222,039230,에이아이비트,1,0
2223,039240,경남스틸,0,0
2224,039270,리젠트빅히트,1,0
2225,039280,유리앙상블,1,0
2226,039290,인포뱅크,0,0
2227,039310,세중,0,0
2228,039340,한국경제TV,0,0
2229,039350,헤파호프,1,0
2230,039370,KTB벤처2MF,1,0
2231,039380,옵티멈전환2,1,0
2232,039390,윌텍정보통신,1,0
2233,039420,케이엘넷,0,0
2234,039440,에스티아이,0,0
2235,039490,키움증권,0,1
2236,039500,마인,1,0
2237,039520,플래티넘이천,1,0
2238,039530,씨앤케이인터,1,0
2239,039540,마이다스페셜,1,0
2240,039560,다산네트웍스,0,0
2241,039570,HDC랩스,0,1
2242,039580,피코소프트,1,0
2243,039610,화성밸브,0,0
2244,039670,스포츠서울,1,0
2245,039720,CJ프론티어,1,0
2246,039740,한국정보공학,0,0
2247,039790,위노바,1,0
2248,039830,오로라,0,0
2249,039840,디오,0,0
2250,039850,태창파로스,1,0
2251,039860,나노엔텍,0,0
2252,039870,피케이엘,1,0
2253,039920,마이다스하전,1,0
2254,039980,리노스,0,0
2255,039990,코아정보,1,0
2256,040020,사라콤,1,0
2257,040130,엔플렉스,1,0
2258,040160,누리플렉스,0,0
2259,040180,대양글로벌,1,0
2260,040260,미래아이티2,1,0
2261,040270,미래하이3,1,0
2262,040300,YTN,0,0
2263,040350,큐로컴,0,0
2264,040380,한가족주식,1,0
2265,040420,정상제이엘에스,0,0
2266,040520,마이다스테3,1,0
2267,040610,SG&G,0,0
2268,040670,와이즈파워,1,0
2269,040740,아인스M&M,1,0
2270,040750,벨로체피아노,1,0
2271,040780,유니씨앤티,1,0
2272,040785,유니씨앤티우,1,0
2273,040860,마이다스코코,1,0
2274,040910,아이씨디,0,0
2275,040940,미래아이티3,1,0
2276,040950,미래하이4,1,0
2277,041020,폴라리스오피스,0,0
2278,041030,이루넷,1,0
2279,041060,아라온테크,1,0
2280,041140,넥슨지티,1,0
2281,041190,우리기술투자,0,0
2282,041310,모빌링크,1,0
2283,041320,보홍,1,0
2284,041440,현대에버다임,0,0
2285,041450,인네트,1,0
2286,041460,한국전자인증,0,0
2287,041500,대한바이오,1,0
2288,041510,에스엠,0,0
2289,041520,이라이콤,0,0
2290,041550,쎄라텍,1,0
2291,041590,플래스크,0,0
2292,041630,인젠,1,0
2293,041650,상신브레이크,0,1
2294,041800,코디콤,1,0
2295,041830,인바디,0,0
2296,041910,에스텍파마,0,0
2297,041920,메디아나,0,0
2298,041930,동아화성,0,0
2299,041940,한텔,1,0
2300,041960,코미팜,0,0
2301,042000,카페24,0,0
2302,042040,케이피엠테크,0,0
2303,042100,현대오토넷,1,1
2304,042110,에스씨디,0,0
2305,042300,KTB드림1,1,0
2306,042310,KTB코스닥1,1,0
2307,042340,대국,1,0
2308,042370,비츠로테크,0,0
2309,042420,네오위즈홀딩스,0,0
2310,042460,실크성장1호,1,0
2311,042470,심스밸리,1,0
2312,042500,링네트,0,0
2313,042510,라온시큐어,0,0
2314,042520,한스바이오메드,0,0
2315,042570,퓨쳐비젼,1,0
2316,042600,새로닉스,0,0
2317,042660,대우조선해양,0,1
2318,042665,대우조선(1우B),1,1
2319,042670,HD현대인프라코어,0,1
2320,042675,대우종합기계(1우B),1,1
2321,042700,한미반도체,0,1
2322,042820,어울림 네트,1,0
2323,042870,에코페트로시스템,1,0
2324,042940,상지카일룸,0,0
2325,042945,르네코우,1,0
2326,042950,미래코리아1MF,1,0
2327,042960,창민테크,1,0
2328,043040,마이다스30,1,0
2329,043090,엑서지21,0,0
2330,043100,솔고바이오,0,0
2331,043150,바텍,0,0
2332,043200,파루,0,0
2333,043220,티에스넥스젠,0,0
2334,043260,성호전자,0,0
2335,043290,케이맥,1,0
2336,043340,에쎈테크,0,0
2337,043350,리젠트코스,1,0
2338,043360,디지아이,0,0
2339,043370,피에이치에이,0,0
2340,043380,플래티넘성1,1,0
2341,043400,실크성장2호,1,0
2342,043580,에임하이,1,0
2343,043590,웰킵스하이텍,0,0
2344,043610,지니뮤직,0,0
2345,043630,지앤알,1,0
2346,043650,국순당,0,0
2347,043680,스톰이앤에프,1,0
2348,043690,테크메이트,1,0
2349,043700,바이킹성장일,1,0
2350,043710,서울리거,0,0
2351,043790,옥션,1,0
2352,043890,한빛방송,1,0
2353,043910,자연과환경,0,0
2354,044060,조광ILI,0,0
2355,044070,한서제약,1,0
2356,044180,KD,0,0
2357,044240,세이우량채권,1,0
2358,044340,위닉스,0,0
2359,044370,조이토토,1,0
2360,044380,주연테크,0,1
2361,044400,KTB전환32,1,0
2362,044410,미래알바1,1,0
2363,044440,솔빛미디어,1,0
2364,044450,KSS해운,0,1
2365,044480,블레이드 Ent,0,0
2366,044490,태웅,0,0
2367,044570,한빛전자통신,1,0
2368,044640,동부CNI,1,0
2369,044740,플래티넘성2MF,1,0
2370,044750,다임채권형일,1,0
2371,044770,에이엠에스,1,0
2372,044775,에이엠에스우,1,0
2373,044780,에이치케이,0,0
2374,044820,코스맥스비티아이,0,1
2375,044890,미래한아름1MF,1,0
2376,044960,이글벳,0,0
2377,045050,큐리어스,1,0
2378,045060,오공,0,0
2379,045070,파이오니어2MF,1,0
2380,045080,그린에셋일호-MF,1,0
2381,045090,옵티멈성장1,1,0
2382,045100,한양이엔지,0,0
2383,045240,뉴씨앤씨,1,0
2384,045260,디에이치패션,1,0
2385,045280,마이다스페안MF,1,0
2386,045290,포네이처,1,0
2387,045300,성우테크론,0,0
2388,045310,이레전자산업,1,0
2389,045340,토탈소프트,0,0
2390,045380,더존디지털,1,0
2391,045390,대아티아이,0,0
2392,045400,이롬텍,1,0
2393,045470,에이프로테크놀로지,1,0
2394,045510,정원엔시스,0,0
2395,045520,크린앤사이언스,0,0
2396,045550,유리프론티어MF,1,0
2397,045660,에이텍,0,0
2398,045710,온미디어,1,1
2399,045760,한통데이타,1,0
2400,045790,세이채권혼합MF,1,0
2401,045800,KTB더블채권1MF,1,0
2402,045820,LG파워콤,1,1
2403,045860,실크성장삼호MF,1,0
2404,045870,크린3호MF,1,0
2405,045880,유티엑스,1,0
2406,045890,GV,1,0
2407,045920,화림모드,1,0
2408,045925,화림모드우,1,0
2409,045970,코아시아,0,0
2410,046000,모디아,1,0
2411,046070,코다코,0,0
2412,046110,한일네트웍스,1,0
2413,046120,오르비텍,0,0
2414,046140,SBS콘텐츠허브,0,0
2415,046210,파나진,0,0
2416,046240,에스브이에이치,1,0
2417,046310,백금T&A,0,0
2418,046320,MTRON,1,0
2419,046350,에듀아크,1,0
2420,046390,삼화네트웍스,0,0
2421,046400,디브이에스,1,0
2422,046430,알에스넷,1,0
2423,046440,KG모빌리언스,0,0
2424,046520,유리뉴앙상블MF,1,0
2425,046720,엔하이테크,1,0
2426,046810,KEPS,1,0
2427,046820,미래한아름2MF,1,0
2428,046840,자유투어,1,0
2429,046890,서울반도체,0,0
2430,046930,타임,1,0
2431,046940,우원개발,0,0
2432,046970,우리로,0,0
2433,047040,대우건설,0,1
2434,047050,포스코인터내셔널,0,1
2435,047060,덴소풍성,1,0
2436,047080,한빛소프트,0,0
2437,047310,파워로직스,0,0
2438,047370,에프아이투어,1,0
2439,047400,유니온머티리얼,0,1
2440,047420,레이더스컴퍼니,1,0
2441,047440,레이젠,1,0
2442,047450,이앤텍,1,0
2443,047560,이스트소프트,0,0
2444,047600,세계투어,1,0
2445,047610,월드텔레콤,1,0
2446,047710,액티투오,1,0
2447,047730,넷웨이브,1,0
2448,047770,코데즈컴바인,0,0
2449,047810,한국항공우주,0,1
2450,047820,초록뱀미디어,0,0
2451,047890,미래주식1MF,1,0
2452,047920,HLB제약,0,0
2453,047940,비엔디,1,0
2454,048130,에스피코프,1,0
2455,048140,태광이엔시,1,0
2456,048150,모닷텔,1,0
2457,048260,오스템임플란트,0,0
2458,048270,포넷,1,0
2459,048410,현대바이오,0,0
2460,048430,유라테크,0,0
2461,048460,엑큐리스,1,0
2462,048470,대동스틸,0,0
2463,048510,테스텍,1,0
2464,048530,인트론바이오,0,0
2465,048540,하이콤,1,0
2466,048550,SM C&C,0,0
2467,048640,엠엔에프씨,1,0
2468,048660,마이다스차익MF,1,0
2469,048760,VK,1,0
2470,048770,TPC,0,0
2471,048830,엔피케이,0,0
2472,048870,시너지이노베이션,0,0
2473,048910,대원미디어,0,0
2474,049000,예당,1,0
2475,049070,인탑스,0,0
2476,049080,기가레인,0,0
2477,049120,파인디앤씨,0,0
2478,049130,하우리,1,0
2479,049180,셀루메드,0,0
2480,049370,CJ엔터테인,1,0
2481,049430,코메론,0,0
2482,049470,SGA,0,0
2483,049480,오픈베이스,0,0
2484,049520,유아이엘,0,0
2485,049550,잉크테크,0,0
2486,049630,재영솔루텍,0,0
2487,049690,포휴먼,1,0
2488,049720,고려신용정보,0,0
2489,049770,동원F&B,0,1
2490,049790,소프트윈,1,0
2491,049800,우진플라임,0,1
2492,049830,승일,0,0
2493,049850,크린4호MF,1,0
2494,049950,미래컴퍼니,0,0
2495,049960,쎌바이오텍,0,0
2496,049990,세이플러스MF,1,0
2497,050050,유아이에너지,1,0
2498,050090,비케이홀딩스,0,0
2499,050110,캠시스,0,0
2500,050120,ES큐브,0,0
2501,050320,에스에이치엔엘,1,0
2502,050350,다임알짜1호MF,1,0
2503,050470,CT&T,1,0
2504,050540,엠피씨플러스,0,0
2505,050600,세라온,1,0
2506,050640,이룸지엔지,1,0
2507,050760,에스폴리텍,0,0
2508,050860,아세아텍,0,0
2509,050890,쏠리드,0,0
2510,050960,수산아이앤티,0,0
2511,051070,세이우량채2MF,1,0
2512,051160,지어소프트,0,0
2513,051170,썬코어,1,0
2514,051310,포스코플랜텍,1,1
2515,051360,토비스,0,0
2516,051370,인터플렉스,0,0
2517,051380,피씨디렉트,0,0
2518,051390,YW,0,0
2519,051490,나라엠앤디,0,0
2520,051500,CJ프레시웨이,0,0
2521,051530,굿이엠지,1,0
2522,051600,한전KPS,0,1
2523,051630,진양화학,0,1
2524,051710,디에스,1,0
2525,051780,큐로홀딩스,0,0
2526,051810,모보,1,0
2527,051820,아이피에스,1,0
2528,051900,LG생활건강,0,1
2529,051905,LG생활건강우,0,1
2530,051910,LG화학,0,1
2531,051915,LG화학우,0,1
2532,051960,다임알짜2호MF,1,0
2533,051980,중앙디앤엠,0,0
2534,051990,유리크레디트MF,1,0
2535,052020,에스티큐브,0,0
2536,052190,세영디앤씨,1,0
2537,052210,엠씨티티코어,1,0
2538,052220,iMBC,0,0
2539,052260,현대바이오랜드,0,0
2540,052270,우전,1,0
2541,052290,트레이스,1,0
2542,052300,초록뱀컴퍼니,0,0
2543,052310,H1바이오,1,0
2544,052330,코텍,0,0
2545,052350,코아에스앤아이,1,0
2546,052400,코나아이,0,0
2547,052420,오성첨단소재,0,0
2548,052460,아이크래프트,0,0
2549,052510,에코솔루션,1,0
2550,052520,세이에이스MF,1,0
2551,052530,유리세이프MF,1,0
2552,052540,미래셀렉티브MF,1,0
2553,052560,삼성수산,1,0
2554,052600,한네트,0,0
2555,052640,제네시스,1,0
2556,052650,이디디컴퍼니,1,0
2557,052670,제일바이오,0,0
2558,052690,한전기술,0,1
2559,052710,아모텍,0,0
2560,052770,아이톡시,0,0
2561,052790,액토즈소프트,0,0
2562,052810,아시아미디어홀딩스,1,0
2563,052860,아이앤씨,0,0
2564,052880,큐앤에스,1,0
2565,052900,KX하이텍,0,0
2566,052970,올리브나인,1,0
2567,053000,우리금융,1,1
2568,053030,바이넥스,0,0
2569,053040,블루젬디앤씨,1,0
2570,053050,지에스이,0,0
2571,053060,세동,0,0
2572,053070,트리니티,1,0
2573,053080,원방테크,0,0
2574,053110,소리바다,1,0
2575,053160,프리엠스,0,0
2576,053170,코스모스피엘씨,1,0
2577,053200,디이시스,1,0
2578,053210,스카이라이프,0,1
2579,053250,엔에스아이,1,0
2580,053260,금강철강,0,0
2581,053270,구영테크,0,0
2582,053280,예스24,0,0
2583,053290,NE능률,0,0
2584,053300,한국정보인증,0,0
2585,053320,테라리소스,1,0
2586,053330,영진코퍼레이션,1,0
2587,053350,이니텍,0,0
2588,053440,성우몰드,1,0
2589,053450,세코닉스,0,0
2590,053470,오페스,1,0
2591,053530,마이다스차2MF,1,0
2592,053580,웹케시,0,0
2593,053590,한국테크놀로지,0,0
2594,053595,한국테크놀로지우,1,0
2595,053610,프로텍,0,0
2596,053620,태양,0,0
2597,053660,현진소재,1,0
2598,053690,한미글로벌,0,1
2599,053700,삼보모터스,0,0
2600,053740,국제엘렉트릭,1,0
2601,053800,안랩,0,0
2602,053810,아이팩토리,1,0
2603,053870,GT&T,1,0
2604,053890,미디어코프,1,0
2605,053950,경남제약,0,0
2606,053960,어플라이드,1,0
2607,053980,오상자이엘,0,0
2608,054010,선팩테크,1,0
2609,054020,GK파워,1,0
2610,054040,한국컴퓨터,0,0
2611,054050,농우바이오,0,0
2612,054080,우주통신,1,0
2613,054090,삼진엘앤디,0,0
2614,054120,더체인지,1,0
2615,054150,뉴젠아이씨티,1,0
2616,054170,엔빅스,1,0
2617,054180,메디콕스,0,0
2618,054210,이랜텍,0,0
2619,054220,비츠로시스,0,0
2620,054250,예일바이오텍,1,0
2621,054300,팬스타엔터프라이즈,0,0
2622,054340,피앤텔,1,0
2623,054370,업필,1,0
2624,054410,케이피티유,0,0
2625,054440,엠텍반도체,1,0
2626,054450,텔레칩스,0,0
2627,054530,신한SIT,1,0
2628,054540,삼영엠텍,0,0
2629,054620,APS,0,0
2630,054630,에이디칩스,0,0
2631,054650,뉴젠비아이티,1,0
2632,054670,대한뉴팜,0,0
2633,054780,키이스트,0,0
2634,054790,제이엠피,1,0
2635,054800,아이디스홀딩스,0,0
2636,054920,한컴위드,0,0
2637,054930,유신,0,0
2638,054940,엑사이엔씨,0,0
2639,054950,제이브이엠,0,0
2640,055000,동서정보기술,1,0
2641,055250,다휘,1,0
2642,055490,테이팩스,0,1
2643,055550,신한지주,0,1
2644,055810,KTC텔레콤,1,0
2645,055970,에너윈,1,0
2646,056000,코원플레이,1,0
2647,056010,아이스테이션,1,0
2648,056020,쿨투,1,0
2649,056060,세니콘,1,0
2650,056080,유진로봇,0,0
2651,056090,이노시스,0,0
2652,056140,리더컴,1,0
2653,056190,에스에프에이,0,0
2654,056200,엠넷미디어,1,0
2655,056340,CU전자,1,0
2656,056360,코위버,0,0
2657,056500,슈마일렉트론,1,0
2658,056700,신화인터텍,0,0
2659,056710,미리넷,1,0
2660,056730,CNT85,0,0
2661,056810,위다스,1,0
2662,056850,코어비트,1,0
2663,057030,YBM넷,0,0
2664,057050,현대홈쇼핑,0,1
2665,057100,하이스마텍,1,0
2666,057110,아이티센,1,0
2667,057330,플래닛82,1,0
2668,057500,SKC 솔믹스,1,0
2669,057540,옴니시스템,0,0
2670,057680,티사이언티픽,0,0
2671,057880,피에이치씨,0,0
2672,058110,멕아이씨에스,0,0
2673,058220,아리온,0,0
2674,058370,비엔씨컴퍼니,1,0
2675,058400,KNN,0,0
2676,058420,제이웨이,1,0
2677,058430,포스코스틸리온,0,1
2678,058450,일야,0,0
2679,058470,리노공업,0,0
2680,058480,해원에스티,1,0
2681,058530,파나케이아,0,0
2682,058550,네오리소스,1,0
2683,058610,에스피지,0,0
2684,058630,엠게임,0,0
2685,058650,세아홀딩스,0,1
2686,058680,오브제,1,0
2687,058690,퓨쳐인포넷,1,0
2688,058730,다스코,0,1
2689,058820,CMG제약,0,0
2690,058850,KTcs,0,1
2691,058860,KTis,0,1
2692,058900,투미비티,1,0
2693,058910,유리롱숏채권-MF,1,0
2694,058970,엠로,0,0
2695,059090,미코,0,0
2696,059100,아이컴포넌트,0,0
2697,059120,아진엑스텍,0,0
2698,059210,메타바이오메드,0,0
2699,059270,해성티피씨,0,0
2700,059720,야호,1,0
2701,060000,국민은행,1,1
2702,060150,인선이엔티,0,0
2703,060230,소니드,0,0
2704,060240,룽투코리아,0,0
2705,060250,NHN KCP,0,0
2706,060260,뉴보텍,0,0
2707,060280,큐렉소,0,0
2708,060300,레드로버,1,0
2709,060310,3S,0,0
2710,060370,KT서브마린,0,0
2711,060380,동양에스텍,0,0
2712,060410,베스트플로우,1,0
2713,060480,국일신동,0,0
2714,060540,에스에이티,0,0
2715,060550,우수씨엔에스,1,0
2716,060560,홈센타홀딩스,0,0
2717,060570,드림어스컴퍼니,0,0
2718,060580,마이차익안정-MF,1,0
2719,060590,씨티씨바이오,0,0
2720,060660,한도하이테크,1,0
2721,060670,유퍼트,1,0
2722,060720,KH바텍,0,0
2723,060750,제이콤,1,0
2724,060840,태영텔스타,1,0
2725,060850,영림원소프트랩,0,0
2726,060900,DGP,0,0
2727,060910,프리젠,1,0
2728,060980,HL홀딩스,0,1
2729,061040,알에프텍,0,0
2730,061050,지앤디윈텍,1,0
2731,061140,엘앤피아너스,1,0
2732,061250,화일약품,0,0
2733,061460,한진피앤씨,1,0
2734,061970,LB세미콘,0,0
2735,062730,케너텍,1,0
2736,062860,티엘아이,0,0
2737,062970,피피아이,0,0
2738,063080,컴투스홀딩스,0,0
2739,063160,종근당바이오,0,1
2740,063170,서울옥션,0,0
2741,063280,사이버패스,1,0
2742,063350,팬택앤큐리텔,1,1
2743,063440,SM Life Design,0,0
2744,063510,코오롱인터,1,1
2745,063515,코오롱인터(1우),1,1
2746,063570,한국전자금융,0,0
2747,063680,미래프리미어MF,1,0
2748,063760,이엘피,0,0
2749,064060,사이노젠,1,0
2750,064090,웨스트라이즈,0,0
2751,064240,홈캐스트,0,0
2752,064260,다날,0,0
2753,064290,인텍플러스,0,0
2754,064350,현대로템,0,1
2755,064420,케이피케미칼,1,1
2756,064480,브리지텍,0,0
2757,064510,유네코,1,0
2758,064520,테크엘,0,0
2759,064550,바이오니아,0,0
2760,064720,모델라인,1,0
2761,064760,티씨케이,0,0
2762,064800,젬백스링크,0,0
2763,064820,케이프,0,0
2764,064850,에프앤가이드,0,0
2765,064900,교보메리츠,1,1
2766,064910,글로벌채권-MF,1,0
2767,064960,SNT모티브,0,1
2768,065060,지엔코,0,0
2769,065130,탑엔지니어링,0,0
2770,065150,DSEN,0,0
2771,065160,에프티이앤이,1,0
2772,065170,비엘팜텍,0,0
2773,065180,해피드림,1,0
2774,065270,플렉스컴,1,0
2775,065310,JH코오스,1,0
2776,065340,쓰리디월드,1,0
2777,065350,신성델타테크,0,0
2778,065370,위세아이텍,0,0
2779,065410,지엔텍홀딩스,1,0
2780,065420,에스아이리소스,0,0
2781,065440,이루온,0,0
2782,065450,빅텍,0,0
2783,065500,오리엔트정공,0,0
2784,065510,휴비츠,0,0
2785,065530,와이어블,0,0
2786,065560,녹원씨엔아이,0,0
2787,065570,삼영이엔씨,0,0
2788,065610,폴리플러스,1,0
2789,065620,제낙스,1,0
2790,065650,메디프론,0,0
2791,065660,안트로젠,0,0
2792,065680,우주일렉트로,0,0
2793,065690,파커스,0,0
2794,065710,서호전기,0,0
2795,065770,CS,0,0
2796,065810,UC아이콜스,1,0
2797,065910,PW제네틱스,1,0
2798,065940,바이오빌,1,0
2799,065950,웰크론,0,0
2800,066030,미래프리미어2-MF,1,0
2801,066060,휴먼텍코리아,1,0
2802,066110,한프,1,0
2803,066130,하츠,0,0
2804,066200,이노블루,1,0
2805,066270,SK컴즈,1,0
2806,066300,샤인시스템,1,0
2807,066310,큐에스아이,0,0
2808,066330,시큐리티KOR,1,0
2809,066340,케이에스알,1,0
2810,066350,티에스엠텍,1,0
2811,066360,체리부로,0,0
2812,066410,버킷스튜디오,0,0
2813,066430,와이오엠,0,0
2814,066480,휘튼,1,0
2815,066570,LG전자,0,1
2816,066575,LG전자우,0,1
2817,066590,우수AMS,0,0
2818,066620,국보디자인,0,0
2819,066670,디스플레이텍,0,0
2820,066690,보광티에스,1,0
2821,066700,테라젠이텍스,0,0
2822,066790,씨씨에스,0,0
2823,066850,아이드림,1,0
2824,066900,디에이피,0,0
2825,066910,손오공,0,0
2826,066930,에스디,1,0
2827,066970,엘앤에프,0,0
2828,066980,이엔코퍼레이션,0,0
2829,067000,조이시티,0,0
2830,067010,이씨에스,0,0
2831,067080,대화제약,0,0
2832,067130,클루넷,1,0
2833,067160,아프리카TV,0,0
2834,067170,오텍,0,0
2835,067250,STX조선해양,1,1
2836,067280,멀티캠퍼스,0,0
2837,067290,JW신약,0,0
2838,067310,하나마이크론,0,0
2839,067370,선바이오,0,0
2840,067390,아스트,0,0
2841,067410,마이차익3호-MF,1,0
2842,067570,엔브이에이치코리아,0,0
2843,067630,HLB생명과학,0,0
2844,067700,미래오리엔탈-MF,1,0
2845,067730,로지시스,0,0
2846,067770,세진티에스,0,0
2847,067830,세이브존I&C,0,1
2848,067850,바이나믹,1,0
2849,067900,와이엔텍,0,0
2850,067910,코크렙1,1,1
2851,067920,이글루,0,0
2852,067950,티이씨,1,0
2853,067990,도이치모터스,0,0
2854,068050,팬엔터테인먼트,0,0
2855,068060,KCW,1,0
2856,068150,케이엔씨글로벌,1,0
2857,068240,다원시스,0,0
2858,068270,셀트리온,0,1
2859,068290,삼성출판사,0,1
2860,068330,일신바이오,0,0
2861,068400,SK렌터카,0,1
2862,068420,엔터기술,1,0
2863,068630,에피밸리,1,0
2864,068760,셀트리온제약,0,0
2865,068770,선우중공업,1,0
2866,068790,DMS,0,0
2867,068870,LG생명과학,1,1
2868,068875,LG생명과학우,1,1
2869,068930,디지털대성,0,0
2870,068940,셀피글로벌,0,0
2871,069080,웹젠,0,0
2872,069110,코스온,0,0
2873,069140,누리플랜,0,0
2874,069260,TKG휴켐스,0,1
2875,069330,유아이디,0,0
2876,069410,엔텔스,0,0
2877,069460,대호에이엘,0,1
2878,069470,제로원인터랙티브,1,1
2879,069510,에스텍,0,0
2880,069540,라이트론,0,0
2881,069620,대웅제약,0,1
2882,069640,한세엠케이,0,1
2883,069730,DSR제강,0,1
2884,069920,아이에스이커머스,0,0
2885,069960,현대백화점,0,1
2886,070080,하이드로젠파워,1,0
2887,070300,엑스큐어,0,0
2888,070480,에버테크노,1,0
2889,070540,코크렙II,1,1
2890,070590,한솔인티큐브,0,0
2891,070960,용평리조트,0,1
2892,071050,한국금융지주,0,1
2893,071055,한국금융지주우,0,1
2894,071057,한국금융지주2우B,1,1
2895,071090,하이스틸,0,1
2896,071200,인피니트헬스케어,0,0
2897,071280,로체시스템즈,0,0
2898,071320,지역난방공사,0,1
2899,071360,나노하이텍,1,0
2900,071460,위니아,0,0
2901,071530,유에이블,1,0
2902,071660,SSCP,1,0
2903,071670,에이테크솔루션,0,0
2904,071840,롯데하이마트,0,1
2905,071850,캐스텍코리아,0,0
2906,071930,에이스하이텍,1,0
2907,071950,코아스,0,1
2908,071955,코아스웰1우B,1,1
2909,071970,STX중공업,0,1
2910,072020,중앙백신,0,0
2911,072130,유엔젤,0,1
2912,072430,아이레보,1,0
2913,072450,리얼티1,1,1
2914,072470,우리산업홀딩스,0,0
2915,072520,제넨바이오,0,0
2916,072530,나이스메탈,1,0
2917,072710,농심홀딩스,0,1
2918,072770,율호,0,0
2919,072870,메가스터디,0,0
2920,072950,빛샘전자,0,0
2921,072990,에이치시티,0,0
2922,073010,케이에스피,0,0
2923,073070,에이팸,1,0
2924,073110,엘엠에스,0,0
2925,073130,인스프리트,1,0
2926,073190,듀오백,0,0
2927,073240,금호타이어,0,1
2928,073470,유레스메리츠1,1,1
2929,073490,이노와이어리스,0,0
2930,073530,코크렙III,1,1
2931,073540,에프알텍,0,0
2932,073560,우리손에프앤지,0,0
2933,073570,어반리튬,0,0
2934,073640,테라사이언스,0,0
2935,073710,씨디네트웍스,1,0
2936,073780,케이디세코,1,0
2937,073930,제너시스템즈,1,0
2938,074000,엠텍비젼,1,0
2939,074130,디아이디,1,0
2940,074140,엑스로드,1,0
2941,074150,엠제이비,1,0
2942,074430,아미노로직스,0,0
2943,074600,원익QnC,0,0
2944,074610,이엔플러스,0,1
2945,075130,플랜티넷,0,0
2946,075180,새론오토모티브,0,1
2947,075580,세진중공업,0,1
2948,075970,동국알앤에스,0,0
2949,076080,웰크론한텍,0,0
2950,076090,테이크시스템,1,0
2951,076170,GBS,1,1
2952,076610,해성옵틱스,0,0
2953,076850,맥쿼리센트럴,1,1
2954,077280,한컴지엠디,1,0
2955,077360,덕산하이메탈,0,0
2956,077500,유니퀘스트,0,1
2957,077960,케이이엔지,1,0
2958,077970,STX엔진,0,1
2959,078000,텔코웨어,0,1
2960,078020,이베스트투자증권,0,0
2961,078070,유비쿼스홀딩스,0,0
2962,078130,국일제지,0,0
2963,078140,대봉엘에스,0,0
2964,078150,HB테크놀러지,0,0
2965,078160,메디포스트,0,0
2966,078340,컴투스,0,0
2967,078350,한양디지텍,0,0
2968,078420,동북아1호,1,1
2969,078520,에이블씨엔씨,0,1
2970,078590,디아크,0,0
2971,078600,대주전자재료,0,0
2972,078610,도움,1,0
2973,078650,지나인제약,0,0
2974,078670,아구스,1,0
2975,078700,신지소프트,1,0
2976,078780,아이디에스,1,0
2977,078860,아이오케이,0,0
2978,078890,가온그룹,0,0
2979,078930,GS,0,1
2980,078935,GS우,0,1
2981,078940,코드네이처,0,0
2982,079000,와토스코리아,0,0
2983,079160,CJ CGV,0,1
2984,079170,한창산업,0,0
2985,079190,케스피온,0,0
2986,079340,하이럭스,1,0
2987,079370,제우스,0,0
2988,079430,현대리바트,0,1
2989,079440,오렌지라이프,1,1
2990,079550,LIG넥스원,0,1
2991,079560,모젬,1,0
2992,079650,서산,0,0
2993,079660,사조해표,1,1
2994,079810,디이엔티,0,0
2995,079870,산양전기,1,0
2996,079940,가비아,0,0
2997,079950,인베니아,0,0
2998,079960,동양이엔피,0,0
2999,079970,투비소프트,0,0
3000,079980,휴비스,0,1
3001,080000,에스엔유,0,0
3002,080010,이상네트웍스,0,0
3003,080030,동북아2호,1,1
3004,080140,디보스,1,0
3005,080160,모두투어,0,0
3006,080180,아시아1호,1,1
3007,080220,제주반도체,0,0
3008,080410,동북아6호,1,1
3009,080420,모다이노칩,0,0
3010,080440,에스제이케이,1,0
3011,080470,성창오토텍,0,0
3012,080520,오디텍,0,0
3013,080530,코디,0,0
3014,080570,IC코퍼레이션,1,0
3015,080580,오킨스전자,0,0
3016,080720,한국유니온제약,0,0
3017,080960,동북아3호,1,1
3018,080970,동북아4호,1,1
3019,080980,동북아5호,1,1
3020,081000,일진다이아,0,1
3021,081090,씨모텍,1,0
3022,081150,티플랙스,0,0
3023,081190,아시아2호,1,1
3024,081200,아시아3호,1,1
3025,081210,아시아4호,1,1
3026,081220,세미텍,1,0
3027,081500,엑스씨이,1,0
3028,081580,성우전자,0,0
3029,081660,휠라홀딩스,0,1
3030,081930,아시아8호,1,1
3031,081940,아시아9호,1,1
3032,081970,넥스지,1,0
3033,082110,동북아8호,1,1
3034,082210,옵트론텍,0,0
3035,082240,아시아5호,1,1
3036,082250,아시아6호,1,1
3037,082260,아시아7호,1,1
3038,082270,젬백스,0,0
3039,082390,피엘에이,1,0
3040,082640,동양생명,0,1
3041,082660,코스나인,0,0
3042,082740,HSD엔진,0,1
3043,082800,비보존 제약,0,0
3044,082850,우리바이오,0,0
3045,082920,비츠로셀,0,0
3046,082930,실리콘화일,1,0
3047,083120,동북아9호,1,1
3048,083160,현대경매일호,1,1
3049,083310,엘오티베큠,0,0
3050,083350,동북아10호,1,1
3051,083360,동북아11호,1,1
3052,083370,동북아12호,1,1
3053,083380,동북아13호,1,1
3054,083390,동북아14호,1,1
3055,083420,그린케미칼,0,1
3056,083450,GST,0,0
3057,083470,이엠앤아이,0,0
3058,083500,에프엔에스테크,0,0
3059,083550,케이엠,0,0
3060,083570,아시아10호,1,1
3061,083580,아시아11호,1,1
3062,083590,아시아12호,1,1
3063,083600,아시아13호,1,1
3064,083610,아시아14호,1,1
3065,083620,아시아15호,1,1
3066,083640,인콘,0,0
3067,083650,비에이치아이,0,0
3068,083660,CSA 코스믹,0,0
3069,083790,크리스탈지노믹스,0,0
3070,083930,아바코,0,0
3071,084010,대한제강,0,1
3072,084110,휴온스글로벌,0,0
3073,084160,골든경매일호,1,1
3074,084180,수성샐바시온,0,0
3075,084240,동북아15호,1,1
3076,084370,유진테크,0,0
3077,084440,유비온,0,0
3078,084450,세실,1,0
3079,084650,랩지노믹스,0,0
3080,084670,동양고속,0,1
3081,084680,이월드,0,1
3082,084690,대상홀딩스,0,1
3083,084695,대상홀딩스우,0,1
3084,084697,대상홀딩스2우B,1,1
3085,084730,팅크웨어,0,0
3086,084810,아이알디,1,0
3087,084850,아이티엠반도체,0,0
3088,084870,TBH글로벌,0,1
3089,084990,헬릭스미스,0,0
3090,085310,엔케이,0,1
3091,085370,루트로닉,0,0
3092,08537M,루트로닉3우C,0,0
3093,085450,굿리치경매1,1,1
3094,085620,미래에셋생명,0,1
3095,085660,차바이오텍,0,0
3096,085670,뉴프렉스,0,0
3097,085680,모빌탑,1,0
3098,085810,알티캐스트,0,0
3099,085910,네오티스,0,0
3100,085990,단성일렉트론,1,0
3101,086040,바이오톡스텍,0,0
3102,086060,진바이오텍,0,0
3103,086200,제이앤유글로벌,1,0
3104,086250,이노와이즈,1,0
3105,086280,현대글로비스,0,1
3106,086390,유니테스트,0,0
3107,086450,동국제약,0,0
3108,086520,에코프로,0,0
3109,086670,비엠티,0,0
3110,086710,선진뷰티사이언스,0,0
3111,086720,코크렙7호,1,1
3112,086790,하나금융지주,0,1
3113,086820,바이오솔루션,0,0
3114,086830,신양오라컴,1,0
3115,086890,이수앱지스,0,0
3116,086900,메디톡스,0,0
3117,086960,MDS테크,0,0
3118,086980,쇼박스,0,0
3119,087010,펩트론,0,0
3120,087220,스틸플라워,1,0
3121,087260,모바일어플라이언스,0,0
3122,087600,픽셀플러스,0,0
3123,087730,이엠네트웍스,1,0
3124,088010,동북아21호,1,1
3125,088020,네이쳐글로벌,1,0
3126,088130,동아엘텍,0,0
3127,088260,이리츠코크렙,0,1
3128,088290,이원컴포텍,0,0
3129,088350,한화생명,0,1
3130,088390,이녹스,0,0
3131,088510,굿리치경매2,1,1
3132,088700,마이스코,1,0
3133,088790,진도,0,1
3134,088800,에이스테크,0,0
3135,088810,맥스브로,1,0
3136,088910,동우팜투테이블,0,0
3137,088960,씨티엘테크,1,0
3138,088980,맥쿼리인프라,0,1
3139,089010,켐트로닉스,0,0
3140,089030,테크윙,0,0
3141,089140,넥스턴바이오,0,0
3142,089150,케이씨티,0,0
3143,089170,동북아27호,1,1
3144,089180,동북아28호,1,1
3145,089190,동북아29호,1,1
3146,089200,동북아30호,1,1
3147,089230,THE E&M,0,0
3148,089240,네오세미테크,1,0
3149,089470,HDC현대EP,0,1
3150,089480,평산,1,0
3151,089530,에이티세미콘,0,0
3152,089590,제주항공,0,1
3153,089600,나스미디어,0,0
3154,089790,제이티,0,0
3155,089850,유비벨록스,0,0
3156,089860,롯데렌탈,0,1
3157,089890,코세스,0,0
3158,089970,에이피티씨,0,0
3159,089980,상아프론테크,0,0
3160,090080,평화산업,0,1
3161,090090,디앤샵,1,0
3162,090120,잘만테크,1,0
3163,090150,아이윈,0,0
3164,090350,노루페인트,0,1
3165,090355,노루페인트우,0,1
3166,090360,로보스타,0,0
3167,090370,메타랩스,0,1
3168,090410,덕신하우징,0,0
3169,090430,아모레퍼시픽,0,1
3170,090435,아모레퍼시픽우,0,1
3171,090460,비에이치,0,0
3172,090470,제이스텍,0,0
3173,090540,코크렙8호,1,1
3174,090710,휴림로봇,0,0
3175,090730,SIMPAC Metal,1,0
3176,090740,연이비앤티,1,0
3177,090850,현대이지웰,0,0
3178,090970,코리아01호,1,1
3179,090980,코리아02호,1,1
3180,090990,코리아03호,1,1
3181,091000,코리아04호,1,1
3182,091090,세원이앤씨,0,1
3183,091120,이엠텍,0,0
3184,091340,S&K폴리텍,0,0
3185,091440,텔레필드,0,0
3186,091580,상신이디피,0,0
3187,091590,남화토건,0,0
3188,091690,디지텍시스템,1,0
3189,091700,파트론,0,0
3190,091810,티웨이항공,0,1
3191,091970,나노캠텍,0,0
3192,091990,셀트리온헬스케어,0,0
3193,092040,아미코젠,0,0
3194,092070,디엔에프,0,0
3195,092130,이크레더블,0,0
3196,092190,서울바이오시스,0,0
3197,092200,디아이씨,0,1
3198,092220,KEC,0,1
3199,092230,KPX홀딩스,0,1
3200,092300,현우산업,0,0
3201,092440,기신정기,0,1
3202,092460,한라IMS,0,0
3203,092600,앤씨앤,0,0
3204,092630,바다로3호,1,1
3205,092730,네오팜,0,0
3206,092780,동양피스톤,0,1
3207,092870,엑시콘,0,0
3208,092970,거북선1호,1,1
3209,093050,LF,0,1
3210,093190,빅솔론,0,0
3211,093230,이아이디,0,1
3212,093240,형지엘리트,0,1
3213,093320,케이아이엔엑스,0,0
3214,093370,후성,0,1
3215,093380,풍강,0,0
3216,093400,코리아05호,1,1
3217,093410,코리아06호,1,1
3218,093520,매커스,0,0
3219,093640,케이알엠,0,0
3220,093730,동북아31호,1,1
3221,093820,한국유전15-1,1,1
3222,093920,서원인텍,0,0
3223,094170,동운아나텍,0,0
3224,094190,이엘케이,1,0
3225,094280,효성ITX,0,1
3226,094360,칩스앤미디어,0,0
3227,094480,갤럭시아머니트리,0,0
3228,094520,맵스베트남1,1,1
3229,094700,미성포리테크,1,0
3230,094800,맵스리얼티1,0,1
3231,094820,일진파워,0,0
3232,094840,슈프리마에이치큐,0,0
3233,094850,참좋은여행,0,0
3234,094860,네오리진,0,0
3235,094940,푸른기술,0,0
3236,094950,지비베트남1,1,1
3237,094970,제이엠티,0,0
3238,095190,이엠코리아,0,0
3239,095270,웨이브일렉트로,0,0
3240,095300,엔에스브이,1,0
3241,095340,ISC,0,0
3242,095500,미래나노텍,0,0
3243,095570,AJ네트웍스,0,1
3244,095610,테스,0,0
3245,095660,네오위즈,0,0
3246,095700,제넥신,0,0
3247,095720,웅진씽크빅,0,1
3248,095910,에스에너지,0,0
3249,096040,이트론,0,0
3250,096240,크레버스,0,0
3251,096300,베트남개발1,1,1
3252,096350,대창솔루션,0,0
3253,096530,씨젠,0,0
3254,096610,알에프세미,0,0
3255,096630,에스코넥,0,0
3256,096640,멜파스,0,0
3257,096690,에이루트,0,0
3258,096760,JW홀딩스,0,1
3259,096770,SK이노베이션,0,1
3260,096775,SK이노베이션우,0,1
3261,096870,엘디티,0,0
3262,097230,HJ중공업,0,1
3263,097520,엠씨넥스,0,1
3264,097780,에스맥,0,0
3265,097800,윈팩,0,0
3266,097870,효성오앤비,0,0
3267,097950,CJ제일제당,0,1
3268,097955,CJ제일제당 우,0,1
3269,097957,CJ제일제당 2우B,1,1
3270,097959,CJ제일제당 3우B,1,1
3271,098120,마이크로컨텍솔,0,0
3272,098150,한국아태특별,1,1
3273,098400,엔스퍼트,1,0
3274,098460,고영,0,0
3275,098660,에스티오,0,0
3276,099190,아이센스,0,0
3277,099210,코리아07호,1,1
3278,099220,SDN,0,0
3279,099320,쎄트렉아이,0,0
3280,099340,하나니켈1호,1,1
3281,099350,하나니켈2호,1,1
3282,099390,브레인즈컴퍼니,0,0
3283,099410,동방선기,0,0
3284,099430,바이오플러스,0,0
3285,099440,스맥,0,0
3286,099520,ITX-AI,0,0
3287,099660,신텍,1,0
3288,099750,이지케어텍,0,0
3289,099830,씨그널엔터테인먼트그룹,1,0
3290,100030,인지소프트,0,0
3291,100090,SK오션플랜트,0,1
3292,100120,뷰웍스,0,0
3293,100130,동국S&C,0,0
3294,100220,비상교육,0,1
3295,100250,진양홀딩스,0,1
3296,100590,머큐리,0,0
3297,100660,서암기계공업,0,0
3298,100700,세운메디칼,0,0
3299,100790,미래에셋벤처투자,0,0
3300,100840,SNT에너지,0,1
3301,101000,상상인인더스트리,0,0
3302,101060,SBS미디어홀딩스,1,1
3303,101140,인바이오젠,0,1
3304,101160,월덱스,0,0
3305,101170,우림피티에스,0,0
3306,101240,씨큐브,0,0
3307,101330,모베이스,0,0
3308,101360,에코앤드림,0,0
3309,101380,거북선2호,1,1
3310,101390,아이엠,0,0
3311,101400,엔시트론,0,0
3312,101490,에스앤에스텍,0,0
3313,101530,해태제과식품,0,1
3314,101670,하이드로리튬,0,0
3315,101680,한국정밀기계,0,0
3316,101730,위메이드맥스,0,0
3317,101790,케이알제2호,1,1
3318,101930,인화정공,0,0
3319,101970,우양에이치씨,1,0
3320,101990,파브코,1,1
3321,102000,거북선3호,1,1
3322,102120,어보브반도체,0,0
3323,102210,에이치디,1,0
3324,102260,동성케미컬,0,1
3325,102280,쌍방울,0,1
3326,102370,케이옥션,0,0
3327,102460,이연제약,0,1
3328,102710,이엔에프테크놀로지,0,0
3329,102940,코오롱생명과학,0,0
3330,103130,웅진에너지,1,1
3331,103140,풍산,0,1
3332,103150,하이트맥주,1,1
3333,103155,하이트맥주우,1,1
3334,103160,풀무원,1,1
3335,103230,에스앤더블류,0,0
3336,103590,일진전기,0,1
3337,103840,우양,0,0
3338,104040,대성파인텍,0,0
3339,104110,신성이엔지,1,1
3340,104120,신성에프에이,1,1
3341,104200,NHN벅스,0,0
3342,104460,디와이피엔에프,0,0
3343,104480,티케이케미칼,0,0
3344,104540,코렌텍,0,0
3345,104620,노랑풍선,0,0
3346,104700,한국철강,0,1
3347,104830,원익머트리얼즈,0,0
3348,105070,금강제강,1,0
3349,105330,케이엔더블유,0,0
3350,105380,다산리츠,1,1
3351,105550,트루윈,0,0
3352,105560,KB금융,0,1
3353,105630,한세실업,0,1
3354,105740,디케이락,0,0
3355,105840,우진,0,1
3356,106080,하이소닉,0,0
3357,106190,하이텍팜,0,0
3358,106240,파인테크닉스,0,0
3359,106520,노블엠앤비,0,0
3360,107590,미원홀딩스,0,1
3361,107600,새빗켐,0,0
3362,108070,삼성이미징,1,1
3363,108230,톱텍,0,0
3364,108320,LX세미콘,0,1
3365,108380,대양전기공업,0,0
3366,108490,로보티즈,0,0
3367,108670,LX하우시스,0,1
3368,108675,LX하우시스우,0,1
3369,108790,인터파크,1,0
3370,108860,셀바스AI,0,0
3371,108890,거북선4호,1,1
3372,109070,컨버즈,0,1
3373,109080,옵티시스,0,0
3374,109610,에스와이,0,0
3375,109740,디에스케이,0,0
3376,109820,진매트릭스,0,0
3377,109860,동일금속,0,0
3378,109960,에이프로젠 H&G,0,0
3379,110020,전진바이오팜,0,0
3380,110310,모린스,1,0
3381,110500,유니드코리아,1,0
3382,110570,넥솔론,1,1
3383,110790,크리스에프앤씨,0,0
3384,110990,디아이티,0,0
3385,111110,호전실업,0,1
3386,111610,승화프리텍,1,0
3387,111710,남화산업,0,0
3388,111770,영원무역,0,1
3389,111820,지유온,1,0
3390,111870,KH 전자,0,0
3391,112040,위메이드,0,0
3392,112240,에스에프씨,1,0
3393,112290,와이씨켐,0,0
3394,112610,씨에스윈드,0,1
3395,113810,디젠스,0,0
3396,114090,GKL,0,1
3397,114120,크루셜텍,0,0
3398,114130,거북선5호,1,1
3399,114140,거북선6호,1,1
3400,114190,강원에너지,0,0
3401,114410,현대푸드,1,1
3402,114450,KPX생명과학,0,0
3403,114570,지스마트글로벌,1,0
3404,114630,폴라리스우노,0,0
3405,114810,한솔아이원스,0,0
3406,114840,아이패밀리에스씨,0,0
3407,115160,휴맥스,0,0
3408,115180,큐리언트,0,0
3409,115310,인포바인,0,0
3410,115390,락앤락,0,1
3411,115440,우리넷,0,0
3412,115450,HLB테라퓨틱스,0,0
3413,115480,씨유메디칼,0,0
3414,115500,케이씨에스,0,0
3415,115530,씨엔플러스,0,0
3416,115570,스타플렉스,0,0
3417,115610,이미지스,0,0
3418,115960,연우,0,0
3419,117580,대성에너지,0,1
3420,117670,알파홀딩스,0,0
3421,117730,티로보틱스,0,0
3422,117930,한진해운,1,1
3423,118000,더메디팜,0,1
3424,118990,모트렉스,0,0
3425,119250,에프지엔개발리츠,1,1
3426,119500,포메탈,0,0
3427,119610,인터로조,0,0
3428,119650,KC코트렐,0,1
3429,119830,아이텍,0,0
3430,119850,지엔씨에너지,0,0
3431,119860,커넥트웨이브,0,0
3432,120030,조선선재,0,1
3433,120110,코오롱인더,0,1
3434,120115,코오롱인더우,0,1
3435,120240,대정화금,0,0
3436,121440,골프존뉴딘홀딩스,0,0
3437,121550,코크렙15호,1,1
3438,121600,나노신소재,0,0
3439,121800,비덴트,0,0
3440,121850,코이즈,0,0
3441,121890,에스디시스템,0,0
3442,121910,대우증권스팩,1,1
3443,121950,미래에셋스팩1호,1,0
3444,122290,동양밸류스팩,1,1
3445,122310,제노레이,0,0
3446,122350,삼기,0,0
3447,122450,KX,0,0
3448,122640,예스티,0,0
3449,122690,서진오토모티브,0,0
3450,122750,우리스팩1호,1,1
3451,122800,썬텍,1,0
3452,122870,와이지엔터테인먼트,0,0
3453,122900,아이마켓코리아,0,1
3454,122990,와이솔,0,0
3455,123010,아이윈플러스,0,0
3456,123040,엠에스오토텍,0,0
3457,123100,원익테라세미콘,1,0
3458,123160,히든챔피언스팩1호,1,0
3459,123260,파인넥스,1,0
3460,123290,한국스팩1호,1,0
3461,123300,부국퓨쳐스타즈스팩,1,0
3462,123330,제닉,0,0
3463,123410,코리아에프티,0,0
3464,123420,위메이드플레이,0,0
3465,123550,대신증권그로쓰스팩,1,0
3466,123570,이엠넷,0,0
3467,123690,한국화장품,0,1
3468,123700,SJM,0,1
3469,123750,알톤스포츠,0,0
3470,123840,한일진공,0,0
3471,123860,아나패스,0,0
3472,123890,한국자산신탁,0,1
3473,123910,에스비아이앤솔로몬스팩,1,0
3474,124050,한화SV스팩1호,1,0
3475,124500,아이티센,0,0
3476,124560,태웅로직스,0,0
3477,125210,아모그린텍,0,0
3478,126340,비나텍,0,0
3479,126560,현대퓨처넷,0,1
3480,126600,BGF에코머티리얼즈,0,0
3481,126640,화신정공,0,0
3482,126680,IBKS스팩1호,1,0
3483,126700,하이비젼시스템,0,0
3484,126720,수산인더스트리,0,1
3485,126870,뉴로스,1,0
3486,126880,제이엔케이히터,0,0
3487,127120,디엔에이링크,0,0
3488,127160,매직마이크로,1,0
3489,127710,아시아경제,0,0
3490,127980,화인써키트,0,0
3491,128540,에코캡,0,0
3492,128660,피제이메탈,0,0
3493,128820,대성산업,0,1
3494,128910,동부티에스블랙펄스팩,1,0
3495,128940,한미약품,0,1
3496,129260,인터지스,0,1
3497,129890,앱코,0,0
3498,129920,대성하이텍,0,0
3499,130500,GH신소재,0,0
3500,130580,나이스디앤비,0,0
3501,130660,한전산업,0,1
3502,130740,티피씨글로벌,0,0
3503,130960,CJ E&M,1,0
3504,131030,옵투스제약,0,0
3505,131090,시큐브,0,0
3506,131100,초록뱀이앤엠,0,0
3507,131180,딜리,0,0
3508,131220,대한과학,0,0
3509,131290,티에스이,0,0
3510,131370,알서포트,0,0
3511,131390,원익피앤이,1,0
3512,131400,이브이첨단소재,0,0
3513,131760,파인텍,0,0
3514,131970,두산테스나,0,0
3515,133750,메가엠디,0,0
3516,133820,화인베스틸,0,1
3517,134000,거북선7호,1,1
3518,134060,이퓨쳐,0,0
3519,134380,미원화학,0,1
3520,134580,탑코미디어,0,0
3521,134780,화진,1,0
3522,134790,시디즈,0,1
3523,136410,아셈스,0,0
3524,136480,하림,0,0
3525,136490,선진,0,1
3526,136510,스마트솔루션즈,0,0
3527,136540,윈스,0,0
3528,137080,나래나노텍,0,0
3529,137310,에스디바이오센서,0,1
3530,137400,피엔티,0,0
3531,137940,넥스트아이,0,0
3532,137950,제이씨케미칼,0,0
3533,138040,메리츠금융지주,0,1
3534,138070,신진에스엠,0,0
3535,138080,오이솔루션,0,0
3536,138250,엔에스쇼핑,1,1
3537,138360,협진,0,0
3538,138440,이코리아리츠,1,1
3539,138490,코오롱플라스틱,0,1
3540,138580,비즈니스온,0,0
3541,138610,나이벡,0,0
3542,138690,엘아이에스,0,0
3543,138930,BNK금융지주,0,1
3544,139050,시티랩스,0,0
3545,139130,DGB금융지주,0,1
3546,139200,하이골드2호,1,1
3547,139480,이마트,0,1
3548,139670,키네마스터,0,0
3549,139990,아주스틸,0,1
3550,140070,서플러스글로벌,0,0
3551,140410,메지온,0,0
3552,140520,대창스틸,0,0
3553,140670,알에스오토메이션,0,0
3554,140860,파크시스템스,0,0
3555,140890,트러스제7호,1,1
3556,140910,에이리츠,0,1
3557,141000,비아트론,0,0
3558,141020,디에스앤엘,0,0
3559,141070,맥스로텍,1,0
3560,141080,레고켐바이오,0,0
3561,142210,유니트론텍,0,0
3562,142280,녹십자엠에스,0,0
3563,142760,비엘,0,0
3564,143160,아이디스,0,0
3565,143210,핸즈코퍼레이션,0,1
3566,143240,사람인,0,0
3567,143540,영우디에스피,0,0
3568,144510,지씨셀,0,0
3569,144620,코오롱머티리얼,1,1
3570,144960,뉴파워프라즈마,0,0
3571,145020,휴젤,0,0
3572,145210,다이나믹디자인,0,1
3573,145270,케이탑리츠,0,1
3574,145720,덴티움,0,1
3575,145990,삼양사,0,1
3576,145995,삼양사우,0,1
3577,146320,비씨엔씨,0,0
3578,147760,피엠티,0,0
3579,147830,제룡산업,0,0
3580,148140,비디아이,0,0
3581,148150,세경하이테크,0,0
3582,148250,알엔투테크놀로지,0,0
3583,148780,비플라이소프트,0,0
3584,148930,에이치와이티씨,0,0
3585,149130,케이비부국위탁리츠,1,1
3586,149940,모다,1,0
3587,149950,아바텍,0,0
3588,149980,하이로닉,0,0
3589,150840,인트로메딕,0,0
3590,150900,파수,0,0
3591,151860,KG ETS,0,0
3592,151910,SBW생명과학,0,0
3593,152330,코리아오토글라스,1,1
3594,152550,한국ANKOR유전,0,1
3595,153360,하이골드3호,1,1
3596,153460,네이블,0,0
3597,153490,우리이앤엘,0,0
3598,153710,옵티팜,0,0
3599,154030,아시아종묘,0,0
3600,154040,다산솔루에타,0,0
3601,155650,와이엠씨,0,0
3602,155660,DSR,0,1
3603,155900,바다로19호,0,1
3604,155960,지디,1,0
3605,156100,엘앤케이바이오,0,0
3606,158310,참존글로벌,1,0
3607,158380,삼목강업,1,0
3608,158430,아톤,0,0
3609,159010,아스플로,0,0
3610,159580,제로투세븐,0,0
3611,159650,하이골드8호,1,1
3612,159910,스킨앤스킨,0,0
3613,160550,NEW,0,0
3614,160600,이큐셀,0,0
3615,160980,싸이맥스,0,0
3616,161000,애경케미칼,0,1
3617,161390,한국타이어앤테크놀로지,0,1
3618,161570,THE MIDONG,0,0
3619,161580,필옵틱스,0,0
3620,161890,한국콜마,0,1
3621,162300,신스틸,0,0
3622,163560,동일고무벨트,0,1
3623,163730,핑거,0,0
3624,164060,이루다,0,0
3625,166090,하나머티리얼즈,0,0
3626,166480,코아스템켐온,0,0
3627,168330,내츄럴엔도텍,0,0
3628,168360,펨트론,0,0
3629,168490,한국패러랠,0,1
3630,169330,엠브레인,0,0
3631,170030,현대공업,0,0
3632,170790,파이오링크,0,0
3633,170900,동아에스티,0,1
3634,170920,엘티씨,0,0
3635,171010,램테크놀러지,0,0
3636,171090,선익시스템,0,0
3637,171120,라이온켐텍,0,0
3638,172580,하이골드12호,1,1
3639,173130,오파스넷,0,0
3640,173940,에프엔씨엔터,0,0
3641,174880,장원테크,0,0
3642,174900,앱클론,0,0
3643,175140,인포마크,0,0
3644,175250,아이큐어,0,0
3645,175330,JB금융지주,0,1
3646,176440,에이치엔티,1,0
3647,177350,베셀,0,0
3648,177830,파버나인,0,0
3649,178320,서진시스템,0,0
3650,178780,일월지엠엘,0,0
3651,178920,PI첨단소재,0,1
3652,179290,엠아이텍,0,0
3653,179530,애드바이오텍,0,0
3654,179900,유티아이,0,0
3655,180400,DXVX,0,0
3656,180640,한진칼,0,1
3657,18064K,한진칼우,0,1
3658,181340,이즈미디어,0,0
3659,181710,NHN,0,1
3660,182360,큐브엔터,0,0
3661,182400,엔케이맥스,0,0
3662,182690,테라셈,1,0
3663,183190,아세아시멘트,0,1
3664,183300,코미코,0,0
3665,183490,엔지켐생명과학,0,0
3666,184230,SGA솔루션즈,0,0
3667,185490,아이진,0,0
3668,185750,종근당,0,1
3669,186230,그린플러스,0,0
3670,187220,디티앤씨,0,0
3671,187270,신화콘텍,0,0
3672,187420,제노포커스,0,0
3673,187660,에이디엠코리아,0,0
3674,187790,나노,0,0
3675,187870,디바이스이엔지,0,0
3676,189300,인텔리안테크,0,0
3677,189330,씨이랩,0,0
3678,189690,포시에스,0,0
3679,189860,서전기전,0,0
3680,189980,흥국에프엔비,0,0
3681,190510,나무가,0,0
3682,190650,코리아에셋투자증권,0,0
3683,191410,육일씨엔에쓰,0,0
3684,191420,테고사이언스,0,0
3685,192080,더블유게임즈,0,1
3686,192250,케이사인,0,0
3687,192390,윈하이텍,0,0
3688,192400,쿠쿠홀딩스,0,1
3689,192410,휴림네트웍스,0,0
3690,192440,슈피겐코리아,0,0
3691,192520,경남은행,1,1
3692,192530,광주은행,1,1
3693,192650,드림텍,0,1
3694,192820,코스맥스,0,1
3695,193250,와이제이엠게임즈,0,0
3696,194370,제이에스코퍼레이션,0,1
3697,194480,데브시스터즈,0,0
3698,194510,파티게임즈,1,0
3699,194610,우성아이비,1,0
3700,194700,노바렉스,0,0
3701,195440,퓨전,1,0
3702,195500,마니커에프앤지,0,0
3703,195870,해성디에스,0,1
3704,195940,HK이노엔,0,0
3705,195990,에이비프로바이오,0,0
3706,196170,알테오젠,0,0
3707,196300,애니젠,0,0
3708,196450,코아시아씨엠,0,0
3709,196490,디에이테크놀로지,0,0
3710,196700,웹스,0,0
3711,197140,디지캡,0,0
3712,197210,리드,1,0
3713,198080,엔피디,0,0
3714,198440,고려시멘트,0,0
3715,198940,한주라이트메탈,0,0
3716,199730,바이오인프라,0,0
3717,199800,툴젠,0,0
3718,199820,제일전기공업,0,0
3719,200130,콜마비앤에이치,0,0
3720,200230,텔콘RF제약,0,0
3721,200350,래몽래인,0,0
3722,200470,에이팩트,0,0
3723,200670,휴메딕스,0,0
3724,200710,에이디테크놀로지,0,0
3725,200780,비씨월드제약,0,0
3726,200880,서연이화,0,1
3727,201490,미투온,0,0
3728,203400,에이비온,0,0
3729,203450,유니온커뮤니티,0,0
3730,203650,드림시큐리티,0,0
3731,203690,프로스테믹스,0,0
3732,204020,그리티,0,0
3733,204210,모두투어리츠,0,1
3734,204270,제이앤티씨,0,0
3735,204320,HL만도,0,1
3736,204440,대우스팩2호,1,0
3737,204610,티쓰리,0,0
3738,204620,글로벌텍스프리,0,0
3739,204630,스튜디오산타클로스,0,0
3740,204650,케이티비스팩1호,1,0
3741,204760,현대에이블스팩1호,1,0
3742,204840,지엘팜텍,0,0
3743,204990,현성바이탈,1,0
3744,204990,코썬바이오,1,0
3745,205100,엑셈,0,0
3746,205470,휴마시스,0,0
3747,205500,액션스퀘어,0,0
3748,206400,베노홀딩스,0,0
3749,206560,덱스터,0,0
3750,206640,바디텍메드,0,0
3751,206650,유바이오로직스,0,0
3752,206660,골든브릿지제2호스팩,1,0
3753,207720,엔에이치SL스팩,1,0
3754,207760,미스터블루,0,0
3755,207930,SK1호스팩,1,0
3756,207940,삼성바이오로직스,0,1
3757,208140,정다운,0,0
3758,208340,파멥신,0,0
3759,208350,지란지교시큐리티,0,0
3760,208370,셀바스헬스케어,0,0
3761,208640,썸에이지,0,0
3762,208710,바이오로그디바이스,0,0
3763,208860,엔지스테크널러지,0,0
3764,208870,하나머스트3호스팩,1,0
3765,210540,디와이파워,0,1
3766,210980,SK디앤디,0,1
3767,211050,인카금융서비스,0,0
3768,211270,AP위성,0,0
3769,212560,네오오토,0,0
3770,213090,미래테크놀로지,1,0
3771,213420,덕산네오룩스,0,0
3772,213500,한솔제지,0,1
3773,214150,클래시스,0,0
3774,214180,헥토이노베이션,0,0
3775,214260,라파스,0,0
3776,214270,FSN,0,0
3777,214310,에스엘에너지,0,0
3778,214320,이노션,0,1
3779,214330,금호에이치티,0,1
3780,214370,케어젠,0,0
3781,214390,경보제약,0,1
3782,214420,토니모리,0,1
3783,214430,아이쓰리시스템,0,0
3784,214450,파마리서치,0,0
3785,214610,미코바이오메드,0,0
3786,214680,디알텍,0,0
3787,214870,뉴지랩파마,0,0
3788,215000,골프존,0,0
3789,215090,휴센텍,0,0
3790,215100,로보로보,0,0
3791,215200,메가스터디교육,0,0
3792,215360,우리산업,0,0
3793,215380,우정바이오,0,0
3794,215480,토박스코리아,0,0
3795,215580,대우스팩3호,1,0
3796,215600,신라젠,0,0
3797,215750,미래에셋제3호스팩,1,0
3798,215790,알비케이그룹,0,0
3799,216050,인크로스,0,0
3800,216080,제테마,0,0
3801,217190,제너셈,0,0
3802,217270,넵튠,0,0
3803,217330,싸이토젠,0,0
3804,217480,에스디생명공학,0,0
3805,217500,러셀,0,0
3806,217600,켐온,1,0
3807,217620,디딤이앤에프,0,0
3808,217730,강스템바이오텍,0,0
3809,217810,엔에이치스팩7호,1,0
3810,217820,원익피앤이,0,0
3811,218150,미래생명자원,0,0
3812,218410,RFHIC,0,0
3813,218710,키움스팩3호,1,0
3814,219130,타이거일렉,0,0
3815,219420,링크제니시스,0,0
3816,219550,디와이디,0,0
3817,219580,골든브릿지제3호스팩,1,0
3818,219750,지티지웰니스,0,0
3819,219860,한화에이스스팩2호,1,0
3820,219960,유안타제2호스팩,1,0
3821,220100,퓨쳐켐,0,0
3822,220180,핸디소프트,0,0
3823,220260,켐트로스,0,0
3824,220630,맘스터치,1,0
3825,221200,유진스팩3호,1,0
3826,221610,자안바이오,1,0
3827,221840,하이즈항공,0,0
3828,221950,케이비드림3호스팩,1,0
3829,221980,케이디켐,0,0
3830,222040,코스맥스엔비티,0,0
3831,222080,씨아이에스,0,0
3832,222110,팬젠,0,0
3833,222160,바이옵트로,0,0
3834,222390,케이비제8호스팩,1,0
3835,222420,쎄노텍,0,0
3836,222800,심텍,0,0
3837,222810,세토피아,0,0
3838,222980,한국맥널티,0,0
3839,223040,교보5호스팩,1,0
3840,223250,드림씨아이에스,0,0
3841,223310,커머스마이너,0,0
3842,224060,더코디,0,0
3843,224110,에이텍모빌리티,0,0
3844,225190,삼양옵틱스,0,0
3845,225220,제놀루션,0,0
3846,225330,씨엠에스에듀,1,0
3847,225430,케이엠제약,0,0
3848,225440,이베스트스팩3호,1,0
3849,225530,보광산업,0,0
3850,225570,넥슨게임즈,0,0
3851,225590,패션플랫폼,0,0
3852,225650,쿠첸,1,0
3853,226320,잇츠한불,0,1
3854,226330,신테카바이오,0,0
3855,226340,본느,0,0
3856,226350,아이엠텍,1,0
3857,226360,KH 건설,0,0
3858,226400,오스테오닉,0,0
3859,226440,한송네오텍,0,0
3860,226850,키움스팩4호,1,0
3861,226950,올릭스,0,0
3862,227100,에이치앤비디자인,0,0
3863,227610,아우딘퓨쳐스,0,0
3864,227840,현대코퍼레이션홀딩스,0,1
3865,227950,엔투텍,0,0
3866,228340,동양파일,0,0
3867,228670,레이,0,0
3868,228760,지노믹트리,0,0
3869,228850,레이언스,0,0
3870,229000,젠큐릭스,0,0
3871,229640,LS전선아시아,0,1
3872,230240,에치에프알,0,0
3873,230360,에코마케팅,0,0
3874,230490,동부제4호스팩,1,0
3875,230980,에이트원,0,0
3876,232140,와이아이케이,0,0
3877,232270,케이비제9호스팩,1,0
3878,232330,SK3호스팩,1,0
3879,232680,라온테크,0,0
3880,234080,JW생명과학,0,1
3881,234100,폴라리스세원,0,0
3882,234300,에스트래픽,0,0
3883,234340,헥토파이낸셜,0,0
3884,234690,녹십자웰빙,0,0
3885,234920,자이글,0,0
3886,235010,하이에이아이1호스팩,1,0
3887,235980,메드팩토,0,0
3888,236200,슈프리마,0,0
3889,236810,엔비티,0,0
3890,237690,에스티팜,0,0
3891,237750,피앤씨테크,0,0
3892,237820,플레이디,0,0
3893,237880,클리오,0,0
3894,238090,앤디포스,0,0
3895,238120,얼라인드,0,0
3896,238200,비피도,0,0
3897,238490,힘스,0,0
3898,239340,줌인터넷,0,0
3899,239610,에이치엘사이언스,0,0
3900,239890,피엔에이치테크,0,0
3901,240540,한국4호스팩,1,0
3902,240810,원익IPS,0,0
3903,241520,DSC인베스트먼트,0,0
3904,241560,두산밥캣,0,1
3905,241590,화승엔터프라이즈,0,1
3906,241690,유니테크노,0,0
3907,241710,코스메카코리아,0,0
3908,241770,메카로,0,0
3909,241790,오션브릿지,0,0
3910,241820,피씨엘,0,0
3911,241840,에이스토리,0,0
3912,242040,나무기술,0,0
3913,243070,휴온스,0,0
3914,243840,신흥에스이씨,0,0
3915,244460,올리패스,0,0
3916,244920,에이플러스에셋,0,1
3917,245620,EDGC,0,0
3918,246690,TS인베스트먼트,0,0
3919,246710,티앤알바이오팹,0,0
3920,246720,아스타,0,0
3921,246960,이노테라피,0,0
3922,247540,에코프로비엠,0,0
3923,247660,나노씨엠에스,0,0
3924,248070,솔루엠,0,1
3925,248170,샘표식품,0,1
3926,249420,일동제약,0,1
3927,250000,보라티알,0,0
3928,250060,모비스,0,0
3929,250930,예선테크,0,0
3930,251120,바이오에프디엔씨,0,0
3931,251270,넷마블,0,1
3932,251370,와이엠티,0,0
3933,251630,브이원텍,0,0
3934,251970,펌텍코리아,0,0
3935,252500,세화피앤씨,0,0
3936,252990,샘씨엔에스,0,0
3937,253450,스튜디오드래곤,0,0
3938,253590,네오셈,0,0
3939,253840,수젠텍,0,0
3940,254120,자비스,0,0
3941,254490,미래반도체,0,0
3942,255220,SG,0,0
3943,255440,야스,0,0
3944,256150,한독크린텍,0,0
3945,256630,포인트엔지니어링,0,0
3946,256840,한국비엔씨,0,0
3947,256940,케이피에스,0,0
3948,257370,명성티엔에스,0,0
3949,257720,실리콘투,0,0
3950,257730,신한제3호스팩,1,0
3951,258610,케일럼,0,0
3952,258790,소프트캠프,0,0
3953,258830,세종메디칼,0,0
3954,259630,엠플러스,0,0
3955,259960,크래프톤,0,1
3956,260660,알리코제약,0,0
3957,260930,씨티케이,0,0
3958,260970,에스앤디,0,0
3959,261200,덴티스,0,0
3960,261780,차백신연구소,0,0
3961,262260,에이프로,0,0
3962,262830,대신밸런스제4호스팩,1,0
3963,262840,아이퀘스트,0,0
3964,263020,디케이앤디,0,0
3965,263050,유틸렉스,0,0
3966,263540,어스앤에어로스페이스,0,0
3967,263600,덕우전자,0,0
3968,263690,디알젬,0,0
3969,263700,케어랩스,0,0
3970,263720,디앤씨미디어,0,0
3971,263750,펄어비스,0,0
3972,263770,유에스티,0,0
3973,263800,데이타솔루션,0,0
3974,263810,상신전자,0,0
3975,263860,지니언스,0,0
3976,263920,휴엠앤씨,0,0
3977,264290,한화에이스스팩3호,1,0
3978,264450,유비쿼스,0,0
3979,264660,씨앤지하이테크,0,0
3980,264850,이랜시스,0,0
3981,264900,크라운제과,0,1
3982,26490K,크라운제과우,0,1
3983,265480,미래에셋대우스팩1호,1,0
3984,265520,AP시스템,0,0
3985,265560,영화테크,0,0
3986,265740,엔에프씨,0,0
3987,265920,한화수성스팩,1,0
3988,267250,HD현대,0,1
3989,267260,HD현대일렉트릭,0,1
3990,267270,HD현대건설기계,0,1
3991,267290,경동도시가스,0,1
3992,267320,나인테크,0,0
3993,267790,배럴,0,0
3994,267850,아시아나IDT,0,1
3995,267980,매일유업,0,0
3996,268280,미원에스씨,0,1
3997,268600,셀리버리,0,0
3998,269620,시스웍,0,0
3999,270520,지엔원에너지,0,0
4000,270660,에브리봇,0,0
4001,270870,뉴트리,0,0
4002,271560,오리온,0,1
4003,271740,한국제5호스팩,1,0
4004,271940,일진하이솔루스,0,1
4005,271980,제일약품,0,1
4006,272110,케이엔제이,0,0
4007,272210,한화시스템,0,1
4008,272290,이녹스첨단소재,0,0
4009,272450,진에어,0,1
4010,272550,삼양패키징,0,1
4011,273060,와이즈버즈,0,0
4012,273640,와이엠텍,0,0
4013,274090,켄코아에어로스페이스,0,0
4014,275630,에스에스알,0,0
4015,276040,스코넥,0,0
4016,276730,제주맥주,0,0
4017,276920,IBKS제7호스팩,1,0
4018,277070,린드먼아시아,0,0
4019,277410,인산가,0,0
4020,277480,신한제4호스팩,1,0
4021,277810,레인보우로보틱스,0,0
4022,277880,티에스아이,0,0
4023,278280,천보,0,0
4024,278650,HLB바이오스텝,0,0
4025,279410,한화에이스스팩4호,1,0
4026,279600,미디어젠,0,0
4027,280360,롯데웰푸드,0,1
4028,281410,한국제6호스팩,1,0
4029,281740,레이크머티리얼즈,0,0
4030,281820,케이씨텍,0,1
4031,282330,BGF리테일,0,1
4032,282690,동아타이어,0,1
4033,282720,금양그린파워,0,0
4034,282880,코윈테크,0,0
4035,284620,카이노스메드,0,0
4036,284740,쿠쿠홈시스,0,1
4037,285130,SK케미칼,0,1
4038,28513K,SK케미칼우,0,1
4039,285490,노바텍,0,0
4040,286750,나노브릭,0,0
4041,286940,롯데정보통신,0,1
4042,287410,제이시스메디칼,0,0
4043,288330,브릿지바이오테라퓨틱스,0,0
4044,288620,에스퓨얼셀,0,0
4045,288980,모아데이타,0,0
4046,289010,아이스크림에듀,0,0
4047,289080,SV인베스트먼트,0,0
4048,289220,자이언트스텝,0,0
4049,290090,트윔,0,0
4050,290120,대유에이피,0,0
4051,290270,휴네시온,0,0
4052,290380,대유,0,0
4053,290510,코리아센터,1,0
4054,290520,신도기연,0,0
4055,290550,디케이티,0,0
4056,290650,엘앤씨바이오,0,0
4057,290660,네오펙트,0,0
4058,290670,대보마그네틱,0,0
4059,290690,소룩스,0,0
4060,290720,푸드나무,0,0
4061,290740,액트로,0,0
4062,291210,한국제7호스팩,1,0
4063,291230,엔피,0,0
4064,291650,압타머사이언스,0,0
4065,291810,핀텔,0,0
4066,293480,하나제약,0,1
4067,293490,카카오게임즈,0,0
4068,293580,나우IB,0,0
4069,293780,압타바이오,0,0
4070,293940,신한알파리츠,0,1
4071,294090,이오플로우,0,0
4072,294140,레몬,0,0
4073,294570,쿠콘,0,0
4074,294630,서남,0,0
4075,294870,HDC현대산업개발,0,1
4076,296640,이노룰스,0,0
4077,297090,씨에스베어링,0,0
4078,297570,알로이스,0,0
4079,297890,HB솔루션,0,0
4080,298000,효성화학,0,1
4081,298020,효성티앤씨,0,1
4082,298040,효성중공업,0,1
4083,298050,효성첨단소재,0,1
4084,298060,에스씨엠생명과학,0,0
4085,298380,에이비엘바이오,0,0
4086,298540,더네이쳐홀딩스,0,0
4087,298690,에어부산,0,1
4088,298830,슈어소프트테크,0,0
4089,298870,우리벤처파트너스,0,0
4090,299030,하나기술,0,0
4091,299170,더블유에스아이,0,0
4092,299660,셀리드,0,0
4093,299900,위지윅스튜디오,0,0
4094,299910,베스파,0,0
4095,300080,플리토,0,0
4096,300120,라온피플,0,0
4097,300720,한일시멘트,0,1
4098,301300,바이브컴퍼니,0,0
4099,302430,이노메트리,0,0
4100,302440,SK바이오사이언스,0,1
4101,302550,리메드,0,0
4102,303030,지니틱스,0,0
4103,303530,이노뎁,0,0
4104,304100,솔트룩스,0,0
4105,304840,피플바이오,0,0
4106,305090,마이크로디지탈,0,0
4107,306040,에스제이그룹,0,0
4108,306200,세아제강,0,1
4109,306620,네온테크,0,0
4110,307070,SK4호스팩,1,0
4111,307160,하나머스트제6호스팩,1,0
4112,307180,아이엘사이언스,0,0
4113,307280,원바이오젠,0,0
4114,307750,국전약품,0,0
4115,307870,비투엔,0,0
4116,307930,컴퍼니케이,0,0
4117,307950,현대오토에버,0,1
4118,308080,바이젠셀,0,0
4119,308100,까스텔바작,0,0
4120,308170,씨티알모빌리티,0,1
4121,309930,오하임아이엔티,0,0
4122,309960,LB인베스트먼트,0,0
4123,310200,애니플러스,0,0
4124,310210,보로노이,0,0
4125,310840,엔에이치스팩13호,1,0
4126,310870,디와이씨,0,0
4127,311270,키움제5호스팩,1,0
4128,311320,지오엘리먼트,0,0
4129,311390,네오크레마,0,0
4130,311690,CJ 바이오사이언스,0,0
4131,312610,에이에프더블류,0,0
4132,313750,유안타제4호스팩,1,0
4133,313760,윌링스,0,0
4134,314130,지놈앤컴퍼니,0,0
4135,314140,알피바이오,0,0
4136,314930,바이오다인,0,0
4137,315640,딥노이드,0,0
4138,316140,우리금융지주,0,1
4139,317030,케이비17호스팩,1,0
4140,317120,라닉스,0,0
4141,317240,TS트릴리온,0,0
4142,317320,한화에스비아이스팩,1,0
4143,317330,덕산테코피아,0,0
4144,317400,자이에스앤디,0,1
4145,317530,캐리소프트,0,0
4146,317690,퀀타매트릭스,0,0
4147,317770,슈프리마아이디,0,0
4148,317830,에스피시스템스,0,0
4149,317850,대모,0,0
4150,317870,엔바이오니아,0,0
4151,318000,KBG,0,0
4152,318010,팜스빌,0,0
4153,318020,포인트모바일,0,0
4154,318160,셀바이오휴먼텍,0,0
4155,318410,비비씨,0,0
4156,319400,현대무벡스,0,0
4157,319660,피에스케이,0,0
4158,320000,윈텍,0,0
4159,321260,프로이천,0,0
4160,321550,티움바이오,0,0
4161,321820,와이더플래닛,0,0
4162,322000,HD현대에너지솔루션,0,1
4163,322180,티라유텍,0,0
4164,322310,오로스테크놀로지,0,0
4165,322510,제이엘케이,0,0
4166,322780,코퍼스코리아,0,0
4167,323210,이베스트이안스팩1호,1,0
4168,323230,엠에프엠코리아,0,0
4169,323280,태성,0,0
4170,323410,카카오뱅크,0,1
4171,323940,케이비제18호스팩,1,0
4172,323990,박셀바이오,0,0
4173,326030,SK바이오팜,0,1
4174,327260,RF머트리얼즈,0,0
4175,328130,루닛,0,0
4176,328380,솔트웨어,0,0
4177,329180,HD현대중공업,0,1
4178,329560,상상인이안제2호스팩,1,0
4179,330350,위더스제약,0,0
4180,330590,롯데리츠,0,1
4181,330730,스톤브릿지벤처스,0,0
4182,330860,네패스아크,0,0
4183,330990,케이비제19호스팩,1,0
4184,331380,포커스에이치엔에스,0,0
4185,331520,밸로프,0,0
4186,331920,셀레믹스,0,0
4187,332290,누보,0,0
4188,332370,아이디피,0,0
4189,332570,와이팜,0,0
4190,332710,하나금융14호스팩,1,0
4191,333050,모코엠시스,0,0
4192,333430,일승,0,0
4193,333620,엔시스,0,0
4194,334890,이지스밸류리츠,0,1
4195,334970,프레스티지바이오로직스,0,0
4196,335810,프리시젼바이오,0,0
4197,335870,윙스풋,0,0
4198,335890,비올,0,0
4199,336060,웨이버스,0,0
4200,336260,두산퓨얼셀,0,1
4201,33626K,두산퓨얼셀1우,0,1
4202,33626L,두산퓨얼셀2우B,0,1
4203,336370,솔루스첨단소재,0,1
4204,33637K,솔루스첨단소재1우,0,1
4205,33637L,솔루스첨단소재2우B,0,1
4206,336570,원텍,0,0
4207,337450,SK5호스팩,1,0
4208,337930,브랜드엑스코퍼레이션,0,0
4209,338100,NH프라임리츠,0,1
4210,338220,뷰노,0,0
4211,339770,교촌에프앤비,0,1
4212,339950,아이비김영,0,0
4213,340120,하이제5호스팩,1,0
4214,340350,SK6호스팩,1,0
4215,340360,다보링크,0,0
4216,340440,세림B&G,0,0
4217,340570,티앤엘,0,0
4218,340930,유일에너테크,0,0
4219,341160,하나금융15호스팩,1,0
4220,342550,케이비제20호스팩,1,0
4221,343510,하나금융16호스팩,1,0
4222,344050,신영스팩6호,1,0
4223,344820,KCC글라스,0,1
4224,344860,이노진,0,0
4225,347000,센코,0,0
4226,347140,케이프이에스제4호,1,0
4227,347700,라이프시맨틱스,0,0
4228,347740,피엔케이피부임상연구센타,0,0
4229,347770,핌스,0,0
4230,347860,알체라,0,0
4231,347890,엠투아이,0,0
4232,348030,모비릭스,0,0
4233,348150,고바이오랩,0,0
4234,348210,넥스틴,0,0
4235,348340,뉴로메카,0,0
4236,348350,위드텍,0,0
4237,348370,엔켐,0,0
4238,348950,제이알글로벌리츠,0,1
4239,349720,이베스트스팩5호,1,0
4240,350520,이지스레지던스리츠,0,1
4241,351320,에스에이티이엔지,0,0
4242,351330,이삭엔지니어링,0,0
4243,351340,IBKS제13호스팩,1,0
4244,352480,씨앤씨인터내셔널,0,0
4245,352700,씨앤투스,0,0
4246,352770,클리노믹스,0,0
4247,352820,하이브,0,1
4248,352910,오비고,0,0
4249,352940,인바이오,0,0
4250,353060,에이치엠씨제5호스팩,0,0
4251,353070,에이치엠씨제4호스팩,1,0
4252,353190,휴럼,0,0
4253,353200,대덕전자,0,1
4254,35320K,대덕전자1우,0,1
4255,353490,미래에셋대우스팩 5호,0,0
4256,353590,오토앤,0,0
4257,353810,이지바이오,0,0
4258,354200,엔젠바이오,0,0
4259,355150,코스텍시스,0,0
4260,356680,엑스게이트,0,0
4261,356860,티엘비,0,0
4262,356890,싸이버원,0,0
4263,357120,코람코에너지리츠,0,1
4264,357230,에이치피오,0,0
4265,357250,미래에셋맵스리츠,0,1
4266,357430,마스턴프리미어리츠,0,1
4267,357550,석경에이티,0,0
4268,357580,아모센스,0,0
4269,357780,솔브레인,0,0
4270,357880,비트나인,0,0
4271,358570,지아이이노베이션,0,0
4272,359090,씨엔알리서치,0,0
4273,360070,탑머티리얼,0,0
4274,361390,제노코,0,0
4275,361570,알비더블유,0,0
4276,361610,SK아이이테크놀로지,0,1
4277,361670,삼영에스앤씨,0,0
4278,362320,청담글로벌,0,0
4279,363250,진시스템,0,0
4280,363260,모비데이즈,0,0
4281,363280,티와이홀딩스,0,1
4282,36328K,티와이홀딩스우,0,1
4283,365270,큐라클,0,0
4284,365340,성일하이텍,0,0
4285,365550,ESR켄달스퀘어리츠,0,1
4286,365590,하이딥,0,0
4287,365900,브이씨,0,0
4288,366030,공구우먼,0,0
4289,366330,신한제7호스팩,0,0
4290,367000,플래티어,0,0
4291,367340,DB금융스팩8호,0,0
4292,367360,DB금융스팩9호,0,0
4293,367460,유안타제7호스팩,1,0
4294,367480,유안타제8호스팩,0,0
4295,368600,아이씨에이치,0,0
4296,368770,파이버프로,0,0
4297,368970,오에스피,0,0
4298,369370,블리츠웨이,0,0
4299,370090,퓨런티어,0,0
4300,371950,풍원정밀,0,0
4301,372170,윤성에프앤씨,0,0
4302,372290,하나머스트7호스팩,0,0
4303,372800,아이티아이즈,0,0
4304,372910,한컴라이프케어,0,1
4305,373200,하인크코리아,0,0
4306,373220,LG에너지솔루션,0,1
4307,373340,유진스팩6호,0,0
4308,375500,DL이앤씨,0,1
4309,37550K,DL이앤씨우,0,1
4310,37550L,DL이앤씨2우(전환),0,1
4311,376180,피코그램,0,0
4312,376190,LB루셈,0,0
4313,376290,씨유테크,0,0
4314,376300,디어유,0,0
4315,376930,노을,0,0
4316,376980,원티드랩,0,0
4317,377030,맥스트,0,0
4318,377190,디앤디플랫폼리츠,0,1
4319,377220,프롬바이오,0,0
4320,377300,카카오페이,0,1
4321,377330,이지트로닉스,0,0
4322,377400,하이제6호스팩,0,0
4323,377450,리파인,0,0
4324,377460,위니아에이드,0,0
4325,377480,마음AI,0,0
4326,377630,삼성스팩4호,0,0
4327,377740,바이오노트,0,1
4328,378800,샤페론,0,0
4329,378850,화승알앤에이,0,1
4330,380320,삼성머스트스팩5호,0,0
4331,380440,엔에이치스팩19호,0,1
4332,380540,옵티코어,0,0
4333,381970,케이카,0,1
4334,382480,지아이텍,0,0
4335,382800,지앤비에스 에코,0,0
4336,382840,원준,0,0
4337,382900,범한퓨얼셀,0,0
4338,383220,F&F,0,1
4339,383310,에코프로에이치엔,0,0
4340,383800,LX홀딩스,0,1
4341,38380K,LX홀딩스1우,0,1
4342,383930,디티앤씨알오,0,0
4343,386580,한화플러스제2호스팩,0,0
4344,387310,대신밸런스제10호스팩,1,0
4345,388050,지투파워,0,0
4346,388220,하나금융19호스팩,0,0
4347,388720,유일로보틱스,0,0
4348,388790,라이콤,0,0
4349,388800,유진스팩7호,0,0
4350,389020,자람테크놀로지,0,0
4351,389030,지니너스,0,0
4352,389140,포바이포,0,0
4353,389260,대명에너지,0,0
4354,389470,인벤티지랩,0,0
4355,389500,에스비비테크,0,0
4356,391060,엔에이치스팩20호,0,0
4357,391710,코닉오토메이션,0,0
4358,393210,토마토시스템,0,0
4359,393360,신한제8호스팩,0,0
4360,393890,더블유씨피,0,0
4361,394280,오픈엣지테크놀로지,0,0
4362,395400,SK리츠,0,1
4363,396270,넥스트칩,0,0
4364,396300,세아메카닉스,0,0
4365,396690,미래에셋글로벌리츠,0,1
4366,396770,엔에이치스팩22호,1,0
4367,397030,에이프릴바이오,0,0
4368,397500,대신밸런스제11호스팩,1,0
4369,397880,교보11호스팩,0,0
4370,399720,가온칩스,0,0
4371,400560,하나금융20호스팩,0,0
4372,400760,NH올원리츠,0,1
4373,400840,하이제7호스팩,0,0
4374,402030,코난테크놀로지,0,0
4375,402340,SK스퀘어,0,1
4376,403550,쏘카,0,1
4377,403870,HPSP,0,0
4378,404950,DB금융스팩10호,0,0
4379,404990,신한서부티엔디리츠,0,1
4380,405000,플라즈맵,0,0
4381,405100,큐알티,0,0
4382,405350,IBKS제17호스팩,0,0
4383,405640,신한제9호스팩,0,0
4384,406760,하나금융21호스팩,0,0
4385,407400,꿈비,0,0
4386,408900,스튜디오미르,0,0
4387,408920,메쎄이상,0,0
4388,409570,한국제10호스팩,0,0
4389,411080,샌즈랩,0,0
4390,412350,레이저쎌,0,0
4391,412930,미래에셋비전스팩1호,0,0
4392,413600,키움제6호스팩,0,0
4393,413630,유진스팩8호,0,0
4394,415580,상상인제3호스팩,0,0
4395,417010,나노팀,0,0
4396,417180,핑거스토리,0,0
4397,417310,코람코더원리츠,0,1
4398,417500,제이아이테크,0,0
4399,417840,저스템,0,0
4400,417860,오브젠,0,0
4401,417970,모델솔루션,0,0
4402,418170,하나금융22호스팩,0,0
4403,418210,신한제10호스팩,0,0
4404,418420,라온텍,0,0
4405,418550,제이오,0,0
4406,419050,삼기이브이,0,0
4407,419080,엔젯,0,0
4408,419120,산돌,0,0
4409,419270,신영스팩7호,0,0
4410,419530,SAMG엔터,0,0
4411,419540,비스토스,0,0
4412,421800,교보12호스팩,0,0
4413,422040,엔에이치스팩23호,0,0
4414,424140,케이비제21호스팩,0,0
4415,424760,벨로크,0,0
4416,424980,마이크로투나노,0,0
4417,425040,티이엠씨,0,0
4418,425290,삼성스팩6호,0,0
4419,425420,티에프이,0,0
4420,426550,IBKS제19호스팩,0,0
4421,426670,대신밸런스제12호스팩,1,0
4422,427950,하나금융23호스팩,0,0
4423,430220,신영스팩8호,0,0
4424,430230,하나금융24호스팩,0,0
4425,430460,한화플러스제3호스팩,0,0
4426,430700,유안타제9호스팩,0,0
4427,432320,KB스타리츠,0,1
4428,433530,키움제7호스팩,0,0
4429,435380,유안타제10호스팩,0,0
4430,435620,하나금융25호스팩,0,0
4431,435870,에스케이증권제8호스팩,0,0
4432,436530,케이비제22호스팩,0,0
4433,436610,한국제11호스팩,0,0
4434,437780,엔에이치스팩24호,0,0
4435,438220,대신밸런스제13호스팩,0,0
4436,438580,엔에이치스팩25호,0,0
4437,439250,삼성스팩7호,0,0
4438,439410,엔에이치스팩26호,0,0
4439,439730,IBKS제20호스팩,0,0
4440,440200,케이비제23호스팩,0,0
4441,440790,교보13호스팩,0,0
4442,440820,엔에이치스팩27호,0,0
4443,441270,파인엠텍,0,0
4444,442130,유진스팩9호,0,0
4445,442310,대신밸런스제14호스팩,0,0
4446,442770,IBKS제21호스팩,0,0
4447,442900,미래에셋드림스팩1호,0,0
4448,445360,비엔케이제1호스팩,0,0
4449,445970,신영스팩9호,0,0
4450,446070,유니드비티플러스,0,1
4451,446150,유안타제12호스팩,0,0
4452,446190,미래에셋비전스팩2호,0,0
4453,446750,하나26호스팩,0,0
4454,448370,하나27호스팩,0,0
4455,448730,삼성FN리츠,0,1
4456,448740,삼성스팩8호,0,0
4457,448760,IBKS제22호스팩,0,0
4458,448830,미래에셋비전스팩3호,0,0
4459,449020,유안타제13호스팩,0,0
4460,450140,코오롱모빌리티그룹,0,1
4461,45014K,코오롱모빌리티그룹우,0,1
4462,450410,엔에이치스팩28호,0,0
4463,451800,한화리츠,0,1
4464,452260,한화갤러리아,0,1
4465,45226K,한화갤러리아우,0,1
4466,453340,현대그린푸드,0,1
4467,900010,3노드디지탈,1,0
4468,900020,코웰이홀딩스,1,0
4469,900030,연합과기,1,1
4470,900040,차이나그레이트,1,0
4471,900050,중국원양자원,1,1
4472,900060,중국식품포장,1,0
4473,900070,글로벌에스엠,0,0
4474,900080,에스앤씨엔진그룹,1,0
4475,900090,차이나하오란,1,0
4476,900100,애머릿지,0,0
4477,900110,이스트아시아홀딩스,0,0
4478,900120,씨케이에이치,0,0
4479,900130,웨이포트,1,0
4480,900140,엘브이엠씨홀딩스,0,1
4481,900150,성융광전투자,1,0
4482,900180,완리,1,0
4483,900250,크리스탈신소재,0,0
4484,900260,로스웰,0,0
4485,900270,헝셩그룹,0,0
4486,900280,골든센츄리,0,0
4487,900290,GRT,0,0
4488,900300,오가닉티코스메틱,0,0
4489,900310,컬러레이,0,0
4490,900340,윙입푸드,0,0
4491,950010,평산차업 KDR,1,1
4492,950030,네프로아이티,1,0
4493,950070,중국고섬,1,1
4494,950100,SBI모기지,1,1
4495,950110,SBI핀테크솔루션즈,0,0
4496,950130,엑세스바이오,0,0
4497,950140,잉글우드랩,0,0
4498,950160,코오롱티슈진,0,0
4499,950170,JTC,0,0
4500,950180,SNK,1,0
4501,950190,미투젠,0,0
4502,950200,소마젠,0,0
4503,950210,프레스티지바이오파마,0,1
4504,950220,네오이뮨텍,0,0
